INSERT
IGNORE INTO `fb_devices_module_connectors` (`connector_id`, `connector_identifier`, `connector_name`, `connector_comment`, `connector_enabled`, `connector_type`, `created_at`, `updated_at`) VALUES
(_binary 0xbda37bc79bd74083a925386ac5522325, 'universal-test-connector', 'Testing connector', null, true, 'dummy', '2024-08-20 11:00:00', '2024-08-20 11:00:00'),
(_binary 0x2b1ce81f99334d52afd4bec3583e6a06, 'shelly', 'Shelly', null, true, 'shelly-connector', '2024-08-20 11:00:00', '2024-08-20 11:00:00'),
(_binary 0x451ab010f5004eff82899ed09e56a887, 'homekit', 'HomeKit', null, true, 'homekit-connector', '2024-08-20 11:00:00', '2024-08-20 11:00:00');

INSERT
IGNORE INTO `fb_devices_module_connectors_controls` (`control_id`, `connector_id`, `control_name`, `created_at`, `updated_at`) VALUES
(_binary 0xe7c9e5834af14b86b647f179207e6456, _binary 0x2b1ce81f99334d52afd4bec3583e6a06, 'reboot', '2024-08-20 11:00:00', '2024-08-20 11:00:00');

INSERT
INTO `fb_devices_module_devices` (`device_id`, `connector_id`, `device_category`, `device_identifier`, `device_name`, `device_comment`, `params`, `created_at`, `updated_at`, `device_type`) VALUES
(_binary 0x31AA2F24B38E4F768E691F1FD2368D92, _binary 0x2b1ce81f99334d52afd4bec3583e6a06, 'generic', '98cdac1eb419-shelly1', 'Shelly 1', null, null, '2024-08-20 11:00:00', '2024-08-20 11:00:00', 'shelly-connector'),
(_binary 0x7ec6831d112d4145955a3e1248858e07, _binary 0x2b1ce81f99334d52afd4bec3583e6a06, 'generic', '98cdac1eb219-shelly1pm', 'Shelly 1PM', null, null, '2024-08-20 11:00:00', '2024-08-20 11:00:00', 'shelly-connector'),
(_binary 0x643A98D7A581410AB184570D42A80104, _binary 0x2b1ce81f99334d52afd4bec3583e6a06, 'generic', 'c45bbee4c926-shellyrgbw2', 'Shelly RGBW2 White', null, null, '2024-08-20 11:00:00', '2024-08-20 11:00:00', 'shelly-connector'),
(_binary 0xF9A4B3EEF52E4DCCA8697EE59D265528, _binary 0x2b1ce81f99334d52afd4bec3583e6a06, 'generic', 'e48652-shellyrgbw2', 'Shelly RGBW2 Color', null, null, '2024-08-20 11:00:00', '2024-08-20 11:00:00', 'shelly-connector'),
(_binary 0x37B9D40D3EA34AA2B399142E5511021C, _binary 0x2b1ce81f99334d52afd4bec3583e6a06, 'generic', '441793953974-shellyplus1pm', 'Shelly plus 1PM', null, null, '2024-08-20 11:00:00', '2024-08-20 11:00:00', 'shelly-connector'),
(_binary 0x743B8D19B99E4B49BF6B231472DEBAAD, _binary 0x2b1ce81f99334d52afd4bec3583e6a06, 'generic', '441793ad07e8-shellyplus2pm', 'Shelly plus 2PM', null, null, '2024-08-20 11:00:00', '2024-08-20 11:00:00', 'shelly-connector'),
(_binary 0xab91f301bed442318e8cdbedaf61d7e0, _binary 0x2b1ce81f99334d52afd4bec3583e6a06, 'generic', '441793ad07ab-shellyplus2pm', 'Shelly plus 2PM - Cover', null, null, '2024-08-20 11:00:00', '2024-08-20 11:00:00', 'shelly-connector'),
(_binary 0x495a7b6804284bdcb098dca416f03363, _binary 0xbda37bc79bd74083a925386ac5522325, 'generic', 'universal-test-device-one', 'Actor & Sensor device', null, null, '2024-08-20 11:00:00', '2024-08-20 11:00:00', 'dummy'),
(_binary 0xe10c43a9fa3b463e983104ba23025479, _binary 0xbda37bc79bd74083a925386ac5522325, 'generic', 'universal-test-device-two', 'Actor & Sensor device', null, null, '2024-08-20 11:00:00', '2024-08-20 11:00:00', 'dummy'),
(_binary 0x5E1D0EE098B149A2BD88A3CF09CF2A14, _binary 0x451AB010F5004EFF82899ED09E56A887, 'generic', '98cdac1eb419-shelly1', 'Shelly 1', null, null, '2024-08-20 11:00:00', '2024-08-20 11:00:00', 'shelly-connector-homekit-connector-bridge');

INSERT
INTO `fb_devices_module_devices_children` (`child_device`, `parent_device`) VALUES
(_binary 0x5E1D0EE098B149A2BD88A3CF09CF2A14, _binary 0x31AA2F24B38E4F768E691F1FD2368D92);

INSERT
INTO `fb_devices_module_devices_properties` (`property_id`, `device_id`, `parent_id`, `property_category`, `property_identifier`, `property_name`, `property_settable`, `property_queryable`, `property_data_type`, `property_unit`, `property_format`, `property_invalid`, `property_scale`, `property_step`, `property_value`, `property_default`, `params`, `created_at`, `updated_at`, `property_type`, `property_value_transformer`) VALUES
(_binary 0x03EC292C61F2414FAE2DA8CE73B89429, _binary 0x31AA2F24B38E4F768E691F1FD2368D92, null, 'generic', 'state', null, 0, 0, 'enum', null, 'connected,disconnected,running,sleeping,stopped,lost,alert,unknown', null, null, null, null, null, null, '2024-08-20 11:00:00', '2024-08-20 11:00:00', 'dynamic', null),
(_binary 0x1573611BF4264678A4E29DB4FCF65B8F, _binary 0x31AA2F24B38E4F768E691F1FD2368D92, null, 'generic', 'ip_address', 'IP address', 0, 0, 'string', null, null, null, null, null, '10.10.0.172', null, null, '2024-08-20 11:00:00', '2024-08-20 11:00:00', 'variable', null),
(_binary 0x4E6910DA3FD7453DA7CC740A21A38A0A, _binary 0x31AA2F24B38E4F768E691F1FD2368D92, null, 'generic', 'generation', 'Generation', 0, 0, 'enum', null, 'gen1,gen2', null, null, null, 'gen1', null, null, '2024-08-20 11:00:00', '2024-08-20 11:00:00', 'variable', null),
(_binary 0x60827FA308954368932A02F5EE385858, _binary 0x31AA2F24B38E4F768E691F1FD2368D92, null, 'generic', 'hardware_model', 'Hardware model', 0, 0, 'string', null, null, null, null, null, 'SHSW-1', null, null, '2024-08-20 11:00:00', '2024-08-20 11:00:00', 'variable', null),
(_binary 0x6FDD94DF54EE46519F9CB2CEB25D3B68, _binary 0x31AA2F24B38E4F768E691F1FD2368D92, null, 'generic', 'hardware_mac_address', 'Hardware MAC address', 0, 0, 'string', null, null, null, null, null, '98:cd:ac:1e:b4:19', null, null, '2024-08-20 11:00:00', '2024-08-20 11:00:00', 'variable', null),
(_binary 0x891D9D4FD1C84DFC80D7B65B26A4128C, _binary 0x31AA2F24B38E4F768E691F1FD2368D92, null, 'generic', 'firmware_version', 'Firmware version', 0, 0, 'string', null, null, null, null, null, '20230913-112003/v1.14.0-gcb84623', null, null, '2024-08-20 11:00:00', '2024-08-20 11:00:00', 'variable', null),
(_binary 0xD96D124359A54C06A9E27733D68D08FD, _binary 0x31AA2F24B38E4F768E691F1FD2368D92, null, 'generic', 'auth_enabled', 'Auth enabled', 0, 0, 'bool', null, null, null, null, null, '0', null, null, '2024-08-20 11:00:00', '2024-08-20 11:00:00', 'variable', null),
(_binary 0xFC10BFE178994242895DC5C51EEA5ED9, _binary 0x31AA2F24B38E4F768E691F1FD2368D92, null, 'generic', 'domain', 'Domain', 0, 0, 'string', null, null, null, null, null, 'shelly1-98CDAC1EB419.local', null, null, '2024-08-20 11:00:00', '2024-08-20 11:00:00', 'variable', null),
(_binary 0xca80ed2a624e49a5a2f7e5b42958b23c, _binary 0x7ec6831d112d4145955a3e1248858e07, null, 'generic', 'state', null, 0, 0, 'enum', null, 'connected,disconnected,running,sleeping,stopped,lost,alert,unknown', null, null, null, null, null, null, '2024-08-20 11:00:00', '2024-08-20 11:00:00', 'dynamic', null),
(_binary 0x148be529946349ef95502ddb5d48ea30, _binary 0x7ec6831d112d4145955a3e1248858e07, null, 'generic', 'ip_address', 'IP address', 0, 0, 'string', null, null, null, null, null, '10.10.0.175', null, null, '2024-08-20 11:00:00', '2024-08-20 11:00:00', 'variable', null),
(_binary 0x6b77eb6d78b74914a994eb3817a9d42f, _binary 0x7ec6831d112d4145955a3e1248858e07, null, 'generic', 'generation', 'Generation', 0, 0, 'enum', null, 'gen1,gen2', null, null, null, 'gen1', null, null, '2024-08-20 11:00:00', '2024-08-20 11:00:00', 'variable', null),
(_binary 0x658bafc0ffc8420983c6b5afc2bf7000, _binary 0x7ec6831d112d4145955a3e1248858e07, null, 'generic', 'hardware_model', 'Hardware model', 0, 0, 'string', null, null, null, null, null, 'SHSW-PM', null, null, '2024-08-20 11:00:00', '2024-08-20 11:00:00', 'variable', null),
(_binary 0x9fd26390c7d241d3962b945278c92eab, _binary 0x7ec6831d112d4145955a3e1248858e07, null, 'generic', 'hardware_mac_address', 'Hardware MAC address', 0, 0, 'string', null, null, null, null, null, '45:ad:dc:1e:b4:19', null, null, '2024-08-20 11:00:00', '2024-08-20 11:00:00', 'variable', null),
(_binary 0x602b9a81e52d4be3b785872238ee9d14, _binary 0x7ec6831d112d4145955a3e1248858e07, null, 'generic', 'firmware_version', 'Firmware version', 0, 0, 'string', null, null, null, null, null, '20230913-112003/v1.14.0-gcb84623', null, null, '2024-08-20 11:00:00', '2024-08-20 11:00:00', 'variable', null),
(_binary 0x39c3ec04523841958e8b818e75141a7b, _binary 0x7ec6831d112d4145955a3e1248858e07, null, 'generic', 'auth_enabled', 'Auth enabled', 0, 0, 'bool', null, null, null, null, null, '0', null, null, '2024-08-20 11:00:00', '2024-08-20 11:00:00', 'variable', null),
(_binary 0xc8bf1e81be2141769ddf2eaa21670cc3, _binary 0x7ec6831d112d4145955a3e1248858e07, null, 'generic', 'domain', 'Domain', 0, 0, 'string', null, null, null, null, null, 'shelly1-98CDAC1EB219.local', null, null, '2024-08-20 11:00:00', '2024-08-20 11:00:00', 'variable', null),
(_binary 0x0AC84CF391FB4A15A8903AFD7AC6C66D, _binary 0x643A98D7A581410AB184570D42A80104, null, 'generic', 'hardware_model', 'Hardware model', 0, 0, 'string', null, null, null, null, null, 'SHRGBW2', null, null, '2024-08-20 11:00:00', '2024-08-20 11:00:00', 'variable', null),
(_binary 0x1507D30AC92742E28FACCD16EC6FAFA2, _binary 0x643A98D7A581410AB184570D42A80104, null, 'generic', 'firmware_version', 'Firmware version', 0, 0, 'string', null, null, null, null, null, '20230913-131259/v1.14.0-gcb84623', null, null, '2024-08-20 11:00:00', '2024-08-20 11:00:00', 'variable', null),
(_binary 0x1AE22CE336294E84ACB37227FE7A1B5C, _binary 0x643A98D7A581410AB184570D42A80104, null, 'generic', 'ip_address', 'IP address', 0, 0, 'string', null, null, null, null, null, '10.10.0.239', null, null, '2024-08-20 11:00:00', '2024-08-20 11:00:00', 'variable', null),
(_binary 0x3B8CE0FCE0684EFD89B3DCAF9BFE8F59, _binary 0x643A98D7A581410AB184570D42A80104, null, 'generic', 'generation', 'Generation', 0, 0, 'enum', null, 'gen1,gen2', null, null, null, 'gen1', null, null, '2024-08-20 11:00:00', '2024-08-20 11:00:00', 'variable', null),
(_binary 0x4CE575C114414451848B69151BAF1D88, _binary 0x643A98D7A581410AB184570D42A80104, null, 'generic', 'hardware_mac_address', 'Hardware MAC address', 0, 0, 'string', null, null, null, null, null, 'c4:5b:be:e4:c9:26', null, null, '2024-08-20 11:00:00', '2024-08-20 11:00:00', 'variable', null),
(_binary 0x530C46BA195048CBAA65450D5AF0EC9C, _binary 0x643A98D7A581410AB184570D42A80104, null, 'generic', 'state', 'State', 0, 0, 'enum', null, 'connected,disconnected,stopped,lost,unknown', null, null, null, null, null, null, '2024-08-20 11:00:00', '2024-08-20 11:00:00', 'dynamic', null),
(_binary 0x7C3B701498F84F71AE123506BF6A7217, _binary 0x643A98D7A581410AB184570D42A80104, null, 'generic', 'domain', 'Domain', 0, 0, 'string', null, null, null, null, null, 'shellyrgbw2-C45BBEE4C926.local', null, null, '2024-08-20 11:00:00', '2024-08-20 11:00:00', 'variable', null),
(_binary 0xEA59A418AAA6499CB3CA9212764EEF45, _binary 0x643A98D7A581410AB184570D42A80104, null, 'generic', 'auth_enabled', 'Auth enabled', 0, 0, 'bool', null, null, null, null, null, '0', null, null, '2024-08-20 11:00:00', '2024-08-20 11:00:00', 'variable', null),
(_binary 0x25A43C5EB45242C9BB49FC6388C3869C, _binary 0xF9A4B3EEF52E4DCCA8697EE59D265528, null, 'generic', 'domain', 'Domain', 0, 0, 'string', null, null, null, null, null, 'shellyrgbw2-E48652.local', null, null, '2024-08-20 11:00:00', '2024-08-20 11:00:00', 'variable', null),
(_binary 0x261D799DFD88442E9227395F5FADE138, _binary 0xF9A4B3EEF52E4DCCA8697EE59D265528, null, 'generic', 'hardware_mac_address', 'Hardware MAC address', 0, 0, 'string', null, null, null, null, null, 'c4:5b:be:e4:86:52', null, null, '2024-08-20 11:00:00', '2024-08-20 11:00:00', 'variable', null),
(_binary 0x8D282B9437F9445F8D099AFFD6697644, _binary 0xF9A4B3EEF52E4DCCA8697EE59D265528, null, 'generic', 'firmware_version', 'Firmware version', 0, 0, 'string', null, null, null, null, null, '20230913-113259/v1.14.0-gcb84623', null, null, '2024-08-20 11:00:00', '2024-08-20 11:00:00', 'variable', null),
(_binary 0x9110BDAFEFCD4DD8BAA17BB69AA99FDF, _binary 0xF9A4B3EEF52E4DCCA8697EE59D265528, null, 'generic', 'auth_enabled', 'Auth enabled', 0, 0, 'bool', null, null, null, null, null, '0', null, null, '2024-08-20 11:00:00', '2024-08-20 11:00:00', 'variable', null),
(_binary 0x9D5A5CF10279470A92AF807E0A09EF33, _binary 0xF9A4B3EEF52E4DCCA8697EE59D265528, null, 'generic', 'state', 'State', 0, 0, 'enum', null, 'connected,disconnected,stopped,lost,unknown', null, null, null, null, null, null, '2024-08-20 11:00:00', '2024-08-20 11:00:00', 'dynamic', null),
(_binary 0xA3F7A05E1AA3458EB55F0D2C1D05A6CB, _binary 0xF9A4B3EEF52E4DCCA8697EE59D265528, null, 'generic', 'ip_address', 'IP address', 0, 0, 'string', null, null, null, null, null, '10.10.0.249', null, null, '2024-08-20 11:00:00', '2024-08-20 11:00:00', 'variable', null),
(_binary 0xC0A452CA69094B18A516AEE3E85D1B9E, _binary 0xF9A4B3EEF52E4DCCA8697EE59D265528, null, 'generic', 'generation', 'Generation', 0, 0, 'enum', null, 'gen1,gen2', null, null, null, 'gen1', null, null, '2024-08-20 11:00:00', '2024-08-20 11:00:00', 'variable', null),
(_binary 0xCDF53F53CE634D9C9792D1A34725C24B, _binary 0xF9A4B3EEF52E4DCCA8697EE59D265528, null, 'generic', 'hardware_model', 'Hardware model', 0, 0, 'string', null, null, null, null, null, 'SHRGBW2', null, null, '2024-08-20 11:00:00', '2024-08-20 11:00:00', 'variable', null),
(_binary 0x3932F23191AA4D479800F2019AD798FF, _binary 0x37B9D40D3EA34AA2B399142E5511021C, null, 'generic', 'ip_address', null, 0, 0, 'string', null, null, null, null, null, '10.10.0.44', null, null, '2024-08-20 11:00:00', '2024-08-20 11:00:00', 'variable', null),
(_binary 0x3A04ABC2B97D4E5EAD9B238F58224E71, _binary 0x37B9D40D3EA34AA2B399142E5511021C, null, 'generic', 'generation', 'Generation', 0, 0, 'enum', null, 'gen1,gen2', null, null, null, 'gen2', null, null, '2024-08-20 11:00:00', '2024-08-20 11:00:00', 'variable', null),
(_binary 0x3DB7215FD60E4A8BA3E85CB9981C1634, _binary 0x37B9D40D3EA34AA2B399142E5511021C, null, 'generic', 'state', 'State', 0, 0, 'enum', null, 'connected,disconnected,stopped,lost,unknown', null, null, null, null, null, null, '2024-08-20 11:00:00', '2024-08-20 11:00:00', 'dynamic', null),
(_binary 0xC4A6B00267FA46CC80BD4F7600FA9C8E, _binary 0x37B9D40D3EA34AA2B399142E5511021C, null, 'generic', 'auth_enabled', 'Auth enabled', 0, 0, 'bool', null, null, null, null, null, '0', null, null, '2024-08-20 11:00:00', '2024-08-20 11:00:00', 'variable', null),
(_binary 0xE16036BE096942B695796040EF57D9F2, _binary 0x37B9D40D3EA34AA2B399142E5511021C, null, 'generic', 'hardware_model', 'Hardware model', 0, 0, 'string', null, null, null, null, null, 'SNSW-001P16EU', null, null, '2024-08-20 11:00:00', '2024-08-20 11:00:00', 'variable', null),
(_binary 0xEB4F443DCEB7436FA6896E390B8EDC31, _binary 0x37B9D40D3EA34AA2B399142E5511021C, null, 'generic', 'firmware_version', 'Firmware version', 0, 0, 'string', null, null, null, null, null, '20231219-133934/1.1.0-g34b5d4f', null, null, '2024-08-20 11:00:00', '2024-08-20 11:00:00', 'variable', null),
(_binary 0xF7197EC1802443A6A136D8B4010F8D3B, _binary 0x37B9D40D3EA34AA2B399142E5511021C, null, 'generic', 'hardware_mac_address', 'Hardware MAC address', 0, 0, 'string', null, null, null, null, null, '44:17:93:95:39:74', null, null, '2024-08-20 11:00:00', '2024-08-20 11:00:00', 'variable', null),
(_binary 0x47D1C908B00747E1989AB38070FE6206, _binary 0x743B8D19B99E4B49BF6B231472DEBAAD, null, 'generic', 'firmware_version', 'Firmware version', 0, 0, 'string', null, null, null, null, null, '20231219-133951/1.1.0-g34b5d4f', null, null, '2024-08-20 11:00:00', '2024-08-20 11:00:00', 'variable', null),
(_binary 0x5B6BBC9604DC42DF9843CB194B2093F9, _binary 0x743B8D19B99E4B49BF6B231472DEBAAD, null, 'generic', 'hardware_mac_address', 'Hardware MAC address', 0, 0, 'string', null, null, null, null, null, '44:17:93:ad:07:e8', null, null, '2024-08-20 11:00:00', '2024-08-20 11:00:00', 'variable', null),
(_binary 0x7FA056CBCF86492D92F211161AEDA3D2, _binary 0x743B8D19B99E4B49BF6B231472DEBAAD, null, 'generic', 'state', 'State', 0, 0, 'enum', null, 'connected,disconnected,stopped,lost,unknown', null, null, null, null, null, null, '2024-08-20 11:00:00', '2024-08-20 11:00:00', 'dynamic', null),
(_binary 0xAB8405601E15454AA052B512F67D64CA, _binary 0x743B8D19B99E4B49BF6B231472DEBAAD, null, 'generic', 'hardware_model', 'Hardware model', 0, 0, 'string', null, null, null, null, null, 'SNSW-102P16EU', null, null, '2024-08-20 11:00:00', '2024-08-20 11:00:00', 'variable', null),
(_binary 0xC6447EC988BD401EBDCC327266F83127, _binary 0x743B8D19B99E4B49BF6B231472DEBAAD, null, 'generic', 'generation', 'Generation', 0, 0, 'enum', null, 'gen1,gen2', null, null, null, 'gen2', null, null, '2024-08-20 11:00:00', '2024-08-20 11:00:00', 'variable', null),
(_binary 0xE479EF6087474570AEA9F1228B36D703, _binary 0x743B8D19B99E4B49BF6B231472DEBAAD, null, 'generic', 'auth_enabled', 'Auth enabled', 0, 0, 'bool', null, null, null, null, null, '0', null, null, '2024-08-20 11:00:00', '2024-08-20 11:00:00', 'variable', null),
(_binary 0xFBCA1821BAF142B786C7B7394B354F53, _binary 0x743B8D19B99E4B49BF6B231472DEBAAD, null, 'generic', 'ip_address', null, 0, 0, 'string', null, null, null, null, null, '10.10.0.37', null, null, '2024-08-20 11:00:00', '2024-08-20 11:00:00', 'variable', null),
(_binary 0x5e69da1972d245cfb6b9df3422d57bea, _binary 0xab91f301bed442318e8cdbedaf61d7e0, null, 'generic', 'firmware_version', 'Firmware version', 0, 0, 'string', null, null, null, null, null, '20231219-133951/1.1.0-g34b5d4f', null, null, '2024-08-20 11:00:00', '2024-08-20 11:00:00', 'variable', null),
(_binary 0x9f322cc3ed214c1aa17ca2a31e13e5eb, _binary 0xab91f301bed442318e8cdbedaf61d7e0, null, 'generic', 'hardware_mac_address', 'Hardware MAC address', 0, 0, 'string', null, null, null, null, null, '44:17:93:ad:07:e8', null, null, '2024-08-20 11:00:00', '2024-08-20 11:00:00', 'variable', null),
(_binary 0x6cd0465ce0624e88bfacc21d0628de30, _binary 0xab91f301bed442318e8cdbedaf61d7e0, null, 'generic', 'state', 'State', 0, 0, 'enum', null, 'connected,disconnected,stopped,lost,unknown', null, null, null, null, null, null, '2024-08-20 11:00:00', '2024-08-20 11:00:00', 'dynamic', null),
(_binary 0x668f4187f9294a11ba9b208ba395bb0a, _binary 0xab91f301bed442318e8cdbedaf61d7e0, null, 'generic', 'hardware_model', 'Hardware model', 0, 0, 'string', null, null, null, null, null, 'SNSW-102P16EU', null, null, '2024-08-20 11:00:00', '2024-08-20 11:00:00', 'variable', null),
(_binary 0x2a3efc92bed94c0487dd7c57e4931e25, _binary 0xab91f301bed442318e8cdbedaf61d7e0, null, 'generic', 'generation', 'Generation', 0, 0, 'enum', null, 'gen1,gen2', null, null, null, 'gen2', null, null, '2024-08-20 11:00:00', '2024-08-20 11:00:00', 'variable', null),
(_binary 0x9eb7273c0b774c378507498b65b059af, _binary 0xab91f301bed442318e8cdbedaf61d7e0, null, 'generic', 'auth_enabled', 'Auth enabled', 0, 0, 'bool', null, null, null, null, null, '0', null, null, '2024-08-20 11:00:00', '2024-08-20 11:00:00', 'variable', null),
(_binary 0x22f4fb59b24c4ca2ae87bef8451c8ee2, _binary 0xab91f301bed442318e8cdbedaf61d7e0, null, 'generic', 'ip_address', null, 0, 0, 'string', null, null, null, null, null, '10.10.0.37', null, null, '2024-08-20 11:00:00', '2024-08-20 11:00:00', 'variable', null),
(_binary 0xAA30D4151BC04B31A2719AB3355BCC73, _binary 0x5E1D0EE098B149A2BD88A3CF09CF2A14, null, 'generic', 'hardware_model', null, 0, 0, 'string', null, null, null, null, null, 'SHSW-1', null, null, '2024-08-20 11:00:00', '2024-08-20 11:00:00', 'variable', null),
(_binary 0xBAE23341ABA346C0A5768ECAA457625A, _binary 0x5E1D0EE098B149A2BD88A3CF09CF2A14, null, 'generic', 'category', null, 0, 0, 'uchar', null, null, null, null, null, '8', null, null, '2024-08-20 11:00:00', '2024-08-20 11:00:00', 'variable', null),
(_binary 0xD42AC191BD9F4BB8A4129F7518000BBE, _binary 0x5E1D0EE098B149A2BD88A3CF09CF2A14, null, 'generic', 'firmware_manufacturer', null, 0, 0, 'string', null, null, null, null, null, 'Shelly Ltd.', null, null, '2024-08-20 11:00:00', '2024-08-20 11:00:00', 'variable', null);

INSERT
IGNORE INTO `fb_devices_module_channels` (`channel_id`, `device_id`, `channel_category`, `channel_identifier`, `channel_name`, `channel_comment`, `params`, `created_at`, `updated_at`, `channel_type`) VALUES
(_binary 0x0D1546A7BD704C52B81B730C91671284, _binary 0x31AA2F24B38E4F768E691F1FD2368D92, 'generic', '1_relay_0', 'Relay 0', null, null, '2024-08-20 11:00:00', '2024-08-20 11:00:00', 'shelly-connector'),
(_binary 0x71E39857F7DD46E79A748EC4C22B19F5, _binary 0x31AA2F24B38E4F768E691F1FD2368D92, 'generic', '2_sensor_0', 'Sensor 0', null, null, '2024-08-20 11:00:00', '2024-08-20 11:00:00', 'shelly-connector'),
(_binary 0xEFBE005880CD42348F4A669108BBCE8F, _binary 0x31AA2F24B38E4F768E691F1FD2368D92, 'generic', '3_sensor_1', 'Sensor 1', null, null, '2024-08-20 11:00:00', '2024-08-20 11:00:00', 'shelly-connector'),
(_binary 0xA603C4D714854F1BA399BF1D96C87C2D, _binary 0x31AA2F24B38E4F768E691F1FD2368D92, 'generic', '4_sensor_2', 'Sensor 2', null, null, '2024-08-20 11:00:00', '2024-08-20 11:00:00', 'shelly-connector'),
(_binary 0x0B70432813AA4E94986B533FE6B74738, _binary 0x31AA2F24B38E4F768E691F1FD2368D92, 'generic', '5_device', 'Device', null, null, '2024-08-20 11:00:00', '2024-08-20 11:00:00', 'shelly-connector'),
(_binary 0x85a921e32bea472f9b9609d56215f5c4, _binary 0x7ec6831d112d4145955a3e1248858e07, 'generic', '1_relay_0', 'Relay 0', null, null, '2024-08-20 11:00:00', '2024-08-20 11:00:00', 'shelly-connector'),
(_binary 0xd789b6ebd2c64fdb84a3a08628a5ad45, _binary 0x7ec6831d112d4145955a3e1248858e07, 'generic', '2_sensor_0', 'Sensor 0', null, null, '2024-08-20 11:00:00', '2024-08-20 11:00:00', 'shelly-connector'),
(_binary 0x3905bc3135f0479588a78fefb047394f, _binary 0x7ec6831d112d4145955a3e1248858e07, 'generic', '3_sensor_1', 'Sensor 1', null, null, '2024-08-20 11:00:00', '2024-08-20 11:00:00', 'shelly-connector'),
(_binary 0x632fdd57c59d4591a2fcd96160db024c, _binary 0x7ec6831d112d4145955a3e1248858e07, 'generic', '4_sensor_2', 'Sensor 2', null, null, '2024-08-20 11:00:00', '2024-08-20 11:00:00', 'shelly-connector'),
(_binary 0x4614fffe9fd94b709101c6c3269f0cb3, _binary 0x7ec6831d112d4145955a3e1248858e07, 'generic', '5_device', 'Device', null, null, '2024-08-20 11:00:00', '2024-08-20 11:00:00', 'shelly-connector'),
(_binary 0x64F6889AA00F449281F29A70782FA65D, _binary 0x643A98D7A581410AB184570D42A80104, 'generic', '1_light_0', 'Light 0', null, null, '2024-08-20 11:00:00', '2024-08-20 11:00:00', 'shelly-connector'),
(_binary 0x2AD77FBACFFF4C50A9AFA1F4CBF9CE61, _binary 0x643A98D7A581410AB184570D42A80104, 'generic', '2_light_1', 'Light 1', null, null, '2024-08-20 11:00:00', '2024-08-20 11:00:00', 'shelly-connector'),
(_binary 0x3564A0E7A4774747B6A296BE751A2E09, _binary 0x643A98D7A581410AB184570D42A80104, 'generic', '3_light_2', 'Light 2', null, null, '2024-08-20 11:00:00', '2024-08-20 11:00:00', 'shelly-connector'),
(_binary 0xC7040B1907E44D639BD6CE46E58A25B5, _binary 0x643A98D7A581410AB184570D42A80104, 'generic', '4_light_3', 'Light 3', null, null, '2024-08-20 11:00:00', '2024-08-20 11:00:00', 'shelly-connector'),
(_binary 0xD59C81685E604E6FB98E3D65D249E5D4, _binary 0x643A98D7A581410AB184570D42A80104, 'generic', '5_device', 'Device', null, null, '2024-08-20 11:00:00', '2024-08-20 11:00:00', 'shelly-connector'),
(_binary 0xC25752442D4D4F49808F3305BCB7F406, _binary 0xF9A4B3EEF52E4DCCA8697EE59D265528, 'generic', '1_light_0', 'Light 0', null, null, '2024-08-20 11:00:00', '2024-08-20 11:00:00', 'shelly-connector'),
(_binary 0xE19D5139909B488F9AB44E6A0F96F816, _binary 0xF9A4B3EEF52E4DCCA8697EE59D265528, 'generic', '2_device', 'Device', null, null, '2024-08-20 11:00:00', '2024-08-20 11:00:00', 'shelly-connector'),
(_binary 0x0872C06222EB4AF8AE14DB32983EBC2A, _binary 0x37B9D40D3EA34AA2B399142E5511021C, 'generic', 'switch_0', 'Relay 0', null, null, '2024-08-20 11:00:00', '2024-08-20 11:00:00', 'shelly-connector'),
(_binary 0x84B823783741436BBC7FF78B5F026942, _binary 0x37B9D40D3EA34AA2B399142E5511021C, 'generic', 'input_0', 'Input', null, null, '2024-08-20 11:00:00', '2024-08-20 11:00:00', 'shelly-connector'),
(_binary 0x134D31C5C9FD42A6871EA1CB09028E8D, _binary 0x37B9D40D3EA34AA2B399142E5511021C, 'generic', 'script_1', 'Shelly script', null, null, '2024-08-20 11:00:00', '2024-08-20 11:00:00', 'shelly-connector'),
(_binary 0x6120A2D4CBD3484ABA2FDA453E50E03A, _binary 0x37B9D40D3EA34AA2B399142E5511021C, 'generic', 'temperature_100', 'Temperature 0', null, null, '2024-08-20 11:00:00', '2024-08-20 11:00:00', 'shelly-connector'),
(_binary 0xC408769FCFDB4DEE9A5F77BEC8D819F3, _binary 0x37B9D40D3EA34AA2B399142E5511021C, 'generic', 'voltmeter_100', 'Volts 0', null, null, '2024-08-20 11:00:00', '2024-08-20 11:00:00', 'shelly-connector'),
(_binary 0x16410355AB0D43A48D85479617BDCDDE, _binary 0x743B8D19B99E4B49BF6B231472DEBAAD, 'generic', 'switch_0', 'Relay 0', null, null, '2024-08-20 11:00:00', '2024-08-20 11:00:00', 'shelly-connector'),
(_binary 0x5B12A578325F472692406EBE92088634, _binary 0x743B8D19B99E4B49BF6B231472DEBAAD, 'generic', 'switch_1', 'Relay 1', null, null, '2024-08-20 11:00:00', '2024-08-20 11:00:00', 'shelly-connector'),
(_binary 0xD56F28F312CE4F98AEDC216DEB9159DE, _binary 0x743B8D19B99E4B49BF6B231472DEBAAD, 'generic', 'input_0', 'Input 0', null, null, '2024-08-20 11:00:00', '2024-08-20 11:00:00', 'shelly-connector'),
(_binary 0xCE308FB304B74DEDB2A0F6F214CC8208, _binary 0x743B8D19B99E4B49BF6B231472DEBAAD, 'generic', 'input_1', 'Input 1', null, null, '2024-08-20 11:00:00', '2024-08-20 11:00:00', 'shelly-connector'),
(_binary 0x9A2E3D8243044394B682B826FF668A11, _binary 0x743B8D19B99E4B49BF6B231472DEBAAD, 'generic', 'script_1', 'Shelly script', null, null, '2024-08-20 11:00:00', '2024-08-20 11:00:00', 'shelly-connector'),
(_binary 0xEC687979C8604967B9D780626E8C28AB, _binary 0x743B8D19B99E4B49BF6B231472DEBAAD, 'generic', 'temperature_100', 'Temperature 0', null, null, '2024-08-20 11:00:00', '2024-08-20 11:00:00', 'shelly-connector'),
(_binary 0xB83245A211774DC09F710B256BFF93F5, _binary 0x743B8D19B99E4B49BF6B231472DEBAAD, 'generic', 'voltmeter_100', 'Volts 0', null, null, '2024-08-20 11:00:00', '2024-08-20 11:00:00', 'shelly-connector'),
(_binary 0xf980c87465354478a6e86662ef2db065, _binary 0xab91f301bed442318e8cdbedaf61d7e0, 'generic', 'cover_0', 'Cover 0', null, null, '2024-08-20 11:00:00', '2024-08-20 11:00:00', 'shelly-connector'),
(_binary 0xae0ef3fcb89b4703ac88d72ccb7b5e9d, _binary 0xab91f301bed442318e8cdbedaf61d7e0, 'generic', 'input_0', 'Input 0', null, null, '2024-08-20 11:00:00', '2024-08-20 11:00:00', 'shelly-connector'),
(_binary 0x5542656055ec414d9b854c811d9f196b, _binary 0xab91f301bed442318e8cdbedaf61d7e0, 'generic', 'input_1', 'Input 1', null, null, '2024-08-20 11:00:00', '2024-08-20 11:00:00', 'shelly-connector'),
(_binary 0x9453a0ff32ff40978367373edd9ed1ac, _binary 0xab91f301bed442318e8cdbedaf61d7e0, 'generic', 'script_1', 'Shelly script', null, null, '2024-08-20 11:00:00', '2024-08-20 11:00:00', 'shelly-connector'),
(_binary 0x099a69caed084cf8a847c018b0b269f3, _binary 0xab91f301bed442318e8cdbedaf61d7e0, 'generic', 'temperature_100', 'Temperature 0', null, null, '2024-08-20 11:00:00', '2024-08-20 11:00:00', 'shelly-connector'),
(_binary 0x5b9a285f397a42f4a70a1a8f6985cc66, _binary 0xab91f301bed442318e8cdbedaf61d7e0, 'generic', 'voltmeter_100', 'Volts 0', null, null, '2024-08-20 11:00:00', '2024-08-20 11:00:00', 'shelly-connector'),
(_binary 0x6ecec6b9a48a48918d61d552e63e5f5a, _binary 0x495a7b6804284bdcb098dca416f03363, 'generic', 'thermometer', 'Heating element', null, null, '2024-08-20 11:00:00', '2024-08-20 11:00:00', 'dummy'),
(_binary 0x0df26d9652954b1084d36dc0f626e9bb, _binary 0xe10c43a9fa3b463e983104ba23025479, 'generic', 'thermometer', 'Heating element', null, null, '2024-08-20 11:00:00', '2024-08-20 11:00:00', 'dummy'),
(_binary 0x4EED85AB619343F58CA8334841CE3327, _binary 0x5E1D0EE098B149A2BD88A3CF09CF2A14, 'generic', 'switch_1', 'Switch 1', null, null, '2024-08-20 11:00:00', '2024-08-20 11:00:00', 'shelly-connector-homekit-connector-bridge-relay');

INSERT
INTO `fb_devices_module_channels_properties` (`property_id`, `channel_id`, `parent_id`, `property_category`, `property_identifier`, `property_name`, `property_settable`, `property_queryable`, `property_data_type`, `property_unit`, `property_format`, `property_invalid`, `property_scale`, `property_step`, `property_value`, `property_default`, `params`, `created_at`, `updated_at`, `property_type`, `property_value_transformer`) VALUES
(_binary 0xA4B47B3297EA40D2895CD642DD3341CC, _binary 0x0D1546A7BD704C52B81B730C91671284, null, 'generic', '1101_S_output', 'Output', 1, 1, 'switch', null, 'sw|switch_on:b|1:s|on,sw|switch_off:b|:s|off,sw|switch_toggle::s|toggle', null, null, null, null, null, null, '2023-04-10 07:55:12', '2023-11-06 17:13:32', 'dynamic', null),
(_binary 0x61A1405EA8CF4765A4D7A37398394D4A, _binary 0x0D1546A7BD704C52B81B730C91671284, null, 'generic', '2101_S_input', 'Input', 0, 1, 'bool', null, null, null, null, null, null, null, null, '2023-04-10 07:55:12', '2023-04-10 07:55:12', 'dynamic', null),
(_binary 0x3C4F359EFB0D406991EB14A842BA3F67, _binary 0x0D1546A7BD704C52B81B730C91671284, null, 'generic', '2102_EV_inputEvent', 'Input event', 0, 1, 'enum', null, 'S,L', null, null, null, null, null, null, '2023-04-10 07:55:12', '2023-11-06 17:13:32', 'dynamic', null),
(_binary 0x2B06C8F74FFF4E7D9BC96F2EA92D3CF9, _binary 0x0D1546A7BD704C52B81B730C91671284, null, 'generic', '2103_EVC_inputEventCnt', 'Input event count', 0, 1, 'ushort', null, null, null, null, null, null, null, null, '2023-04-10 07:55:12', '2023-04-10 07:55:12', 'dynamic', null),
(_binary 0x5FFFFC013E7F4C238798F236EFDE3BB9, _binary 0x71E39857F7DD46E79A748EC4C22B19F5, null, 'generic', '3103_H_humidity', 'Humidity', 0, 1, 'int', null, '0:100', '999', null, null, null, null, null, '2023-04-10 07:55:12', '2023-04-10 07:55:12', 'dynamic', null),
(_binary 0x98F3FF9001CE437D9991D140CDA42F0B, _binary 0x71E39857F7DD46E79A748EC4C22B19F5, null, 'generic', '3102_T_extTemp', 'External temp', 0, 1, 'int', null, '-67:257', '999', null, null, null, null, null, '2023-04-10 07:55:12', '2023-04-10 07:55:12', 'dynamic', null),
(_binary 0xA0D4BE8D710D409B9174E92FB6F0F587, _binary 0x71E39857F7DD46E79A748EC4C22B19F5, null, 'generic', '3101_T_extTemp', 'External temp', 0, 1, 'int', null, '-55:125', '999', null, null, null, null, null, '2023-04-10 07:55:12', '2023-04-10 07:55:12', 'dynamic', null),
(_binary 0xEECE1AA5170E45EFB90D452C0B4B1DB5, _binary 0x71E39857F7DD46E79A748EC4C22B19F5, null, 'generic', '3117_S_extInput', 'External input', 0, 1, 'bool', null, null, null, null, null, null, null, null, '2023-04-10 07:55:12', '2023-04-10 07:55:12', 'dynamic', null),
(_binary 0xCB50246DF3774355B99E89D3E2B4A8BE, _binary 0xEFBE005880CD42348F4A669108BBCE8F, null, 'generic', '3201_T_extTemp', 'External temp', 0, 1, 'int', null, '-55:125', '999', null, null, null, null, null, '2023-04-10 07:55:12', '2023-04-10 07:55:12', 'dynamic', null),
(_binary 0x897840D9A0E5447B9B2E4C7D67C01943, _binary 0xEFBE005880CD42348F4A669108BBCE8F, null, 'generic', '3202_T_extTemp', 'External temp', 0, 1, 'int', null, '-67:257', '999', null, null, null, null, null, '2023-04-10 07:55:12', '2023-04-10 07:55:12', 'dynamic', null),
(_binary 0xEC0678CE8AE3441C84246F8052440108, _binary 0xA603C4D714854F1BA399BF1D96C87C2D, null, 'generic', '3301_T_extTemp', 'External temp', 0, 1, 'int', null, '-55:125', '999', null, null, null, null, null, '2023-04-10 07:55:12', '2023-04-10 07:55:12', 'dynamic', null),
(_binary 0x9A5F25FFD53343568A68942B5601AF47, _binary 0xA603C4D714854F1BA399BF1D96C87C2D, null, 'generic', '3302_T_extTemp', 'External temp', 0, 1, 'int', null, '-67:257', '999', null, null, null, null, null, '2023-04-10 07:55:12', '2023-04-10 07:55:12', 'dynamic', null),
(_binary 0xC76028F70913448DAF2BDC20571FA147, _binary 0x0B70432813AA4E94986B533FE6B74738, null, 'generic', '9103_EVC_cfgChanged', 'Configuration changed', 0, 1, 'ushort', null, null, null, null, null, null, null, null, '2023-04-10 07:55:12', '2023-04-10 07:55:12', 'dynamic', null),
(_binary 0xcf35ecc03df145f2be9e4d817f69d9a2, _binary 0x85a921e32bea472f9b9609d56215f5c4, null, 'generic', '1101_S_output', 'Output', 1, 1, 'switch', null, 'sw|switch_on:b|1:s|on,sw|switch_off:b|:s|off,sw|switch_toggle::s|toggle', null, null, null, null, null, null, '2023-04-10 07:55:12', '2023-11-06 17:13:32', 'dynamic', null),
(_binary 0x8790c3ba16de492e8585eae3c676bfc3, _binary 0x85a921e32bea472f9b9609d56215f5c4, null, 'generic', '2101_S_input', 'Input', 0, 1, 'bool', null, null, null, null, null, null, null, null, '2023-04-10 07:55:12', '2023-04-10 07:55:12', 'dynamic', null),
(_binary 0x708bad7ad09847fcb12e6f0f3de58b8c, _binary 0x85a921e32bea472f9b9609d56215f5c4, null, 'generic', '4101_P_power', 'Power', 0, 1, 'int', 'W', '0:3500', '-1', null, null, null, null, null, '2023-04-10 07:55:12', '2023-04-10 07:55:12', 'dynamic', null),
(_binary 0xb768aa4e6b51433396b1af5b664b9a4a, _binary 0x85a921e32bea472f9b9609d56215f5c4, null, 'generic', '4103_E_energy', 'Energy', 0, 1, 'uint', 'Wmin', null, '-1', null, null, null, null, null, '2023-04-10 07:55:12', '2023-04-10 07:55:12', 'dynamic', null),
(_binary 0x14615725765f4692b8c4d258a811f9fb, _binary 0x85a921e32bea472f9b9609d56215f5c4, null, 'generic', '6102_A_overpower', 'Overpower', 0, 1, 'bool', null, null, '-1', null, null, null, null, null, '2023-04-10 07:55:12', '2023-04-10 07:55:12', 'dynamic', null),
(_binary 0x0379f823cdab4e2cb053562a54db1aef, _binary 0x85a921e32bea472f9b9609d56215f5c4, null, 'generic', '6109_P_overpowerValue', 'Overpower value', 0, 1, 'uint', 'W', null, '-1', null, null, null, null, null, '2023-04-10 07:55:12', '2023-04-10 07:55:12', 'dynamic', null),
(_binary 0x983780cd55d84f07b1e8d0245e68423b, _binary 0x85a921e32bea472f9b9609d56215f5c4, null, 'generic', '2102_EV_inputEvent', 'Input event', 0, 1, 'enum', null, 'S,L', null, null, null, null, null, null, '2023-04-10 07:55:12', '2023-11-06 17:13:32', 'dynamic', null),
(_binary 0x33035600d87a4ea68b7bf93850215a38, _binary 0x85a921e32bea472f9b9609d56215f5c4, null, 'generic', '2103_EVC_inputEventCnt', 'Input event count', 0, 1, 'ushort', null, null, null, null, null, null, null, null, '2023-04-10 07:55:12', '2023-04-10 07:55:12', 'dynamic', null),
(_binary 0xfe1bfe601307474e844e26b815463a29, _binary 0xd789b6ebd2c64fdb84a3a08628a5ad45, null, 'generic', '3103_H_humidity', 'Humidity', 0, 1, 'int', null, '0:100', '999', null, null, null, null, null, '2023-04-10 07:55:12', '2023-04-10 07:55:12', 'dynamic', null),
(_binary 0xe37302f8d2a74c60b33e6f596448eebf, _binary 0xd789b6ebd2c64fdb84a3a08628a5ad45, null, 'generic', '3102_T_extTemp', 'External temp', 0, 1, 'int', null, '-67:257', '999', null, null, null, null, null, '2023-04-10 07:55:12', '2023-04-10 07:55:12', 'dynamic', null),
(_binary 0xcd6a652d40514df2bfb1dd2af0d2b18a, _binary 0xd789b6ebd2c64fdb84a3a08628a5ad45, null, 'generic', '3101_T_extTemp', 'External temp', 0, 1, 'int', null, '-55:125', '999', null, null, null, null, null, '2023-04-10 07:55:12', '2023-04-10 07:55:12', 'dynamic', null),
(_binary 0x8a03ee5d676d49baaaad648c542574fa, _binary 0xd789b6ebd2c64fdb84a3a08628a5ad45, null, 'generic', '3117_S_extInput', 'External input', 0, 1, 'bool', null, null, null, null, null, null, null, null, '2023-04-10 07:55:12', '2023-04-10 07:55:12', 'dynamic', null),
(_binary 0x45c2ab21773a46c294bf076cbd573c20, _binary 0x3905bc3135f0479588a78fefb047394f, null, 'generic', '3201_T_extTemp', 'External temp', 0, 1, 'int', null, '-55:125', '999', null, null, null, null, null, '2023-04-10 07:55:12', '2023-04-10 07:55:12', 'dynamic', null),
(_binary 0xd6aedfe5f635408bab02e25ce28a90f3, _binary 0x3905bc3135f0479588a78fefb047394f, null, 'generic', '3202_T_extTemp', 'External temp', 0, 1, 'int', null, '-67:257', '999', null, null, null, null, null, '2023-04-10 07:55:12', '2023-04-10 07:55:12', 'dynamic', null),
(_binary 0x3f2c22fd35cf4bb3ada6bb2cba59baa3, _binary 0x632fdd57c59d4591a2fcd96160db024c, null, 'generic', '3301_T_extTemp', 'External temp', 0, 1, 'int', null, '-55:125', '999', null, null, null, null, null, '2023-04-10 07:55:12', '2023-04-10 07:55:12', 'dynamic', null),
(_binary 0xea8224d10a694dfcbce32ee80d75611f, _binary 0x632fdd57c59d4591a2fcd96160db024c, null, 'generic', '3302_T_extTemp', 'External temp', 0, 1, 'int', null, '-67:257', '999', null, null, null, null, null, '2023-04-10 07:55:12', '2023-04-10 07:55:12', 'dynamic', null),
(_binary 0xa049ab6b3210410db532cb65215da916, _binary 0x4614fffe9fd94b709101c6c3269f0cb3, null, 'generic', '9103_EVC_cfgChanged', 'Configuration changed', 0, 1, 'ushort', null, null, null, null, null, null, null, null, '2023-04-10 07:55:12', '2023-04-10 07:55:12', 'dynamic', null),
(_binary 0xFA1E1D21A4544B75B8E6C792004AFE25, _binary 0x64F6889AA00F449281F29A70782FA65D, null, 'generic', '1101_S_output', 'Output', 1, 1, 'switch', null, 'sw|switch_on:b|1:s|on,sw|switch_off:b|:s|off,sw|switch_toggle::s|toggle', null, null, null, null, null, null, '2023-04-10 07:55:14', '2023-11-06 15:55:30', 'dynamic', null),
(_binary 0x9BFC0BAB2D8C4CB5B70F335F3FA56FE5, _binary 0x64F6889AA00F449281F29A70782FA65D, null, 'generic', '4101_P_power', 'Power', 0, 1, 'int', null, '0:288', '-1', null, null, null, null, null, '2023-04-10 07:55:14', '2023-04-10 07:55:14', 'dynamic', null),
(_binary 0x3E4B4ADA9099438DBFD1509E76AE6848, _binary 0x64F6889AA00F449281F29A70782FA65D, null, 'generic', '4103_E_energy', 'Energy', 0, 1, 'uint', null, null, '-1', null, null, null, null, null, '2023-04-10 07:55:14', '2023-04-10 07:55:14', 'dynamic', null),
(_binary 0x17617D1189984CFA9767165C8893752E, _binary 0x64F6889AA00F449281F29A70782FA65D, null, 'generic', '5101_S_brightness', 'Brightness', 1, 1, 'int', null, '0:100', null, null, null, null, null, null, '2023-04-10 07:55:14', '2023-11-06 15:55:30', 'dynamic', null),
(_binary 0x8DB03A2C97F54F86BDBEBC19644548DD, _binary 0x2AD77FBACFFF4C50A9AFA1F4CBF9CE61, null, 'generic', '1201_S_output', 'Output', 1, 1, 'switch', null, 'sw|switch_on:b|1:s|on,sw|switch_off:b|:s|off,sw|switch_toggle::s|toggle', null, null, null, null, null, null, '2023-04-10 07:55:14', '2023-11-06 17:13:32', 'dynamic', null),
(_binary 0xCAC47BCE349549D6B3F22AC826EC7F96, _binary 0x2AD77FBACFFF4C50A9AFA1F4CBF9CE61, null, 'generic', '4201_P_power', 'Power', 0, 1, 'int', null, '0:288', '-1', null, null, null, null, null, '2023-04-10 07:55:14', '2023-04-10 07:55:14', 'dynamic', null),
(_binary 0xF99B85F03CFC4787B8BA2946F5EBCBDF, _binary 0x2AD77FBACFFF4C50A9AFA1F4CBF9CE61, null, 'generic', '4203_E_energy', 'Energy', 0, 1, 'uint', null, null, '-1', null, null, null, null, null, '2023-04-10 07:55:14', '2023-04-10 07:55:14', 'dynamic', null),
(_binary 0xA794C9EEF70F4B4F92022ACA1CE8EB29, _binary 0x2AD77FBACFFF4C50A9AFA1F4CBF9CE61, null, 'generic', '5201_S_brightness', 'Brightness', 1, 1, 'int', null, '0:100', null, null, null, null, null, null, '2023-04-10 07:55:14', '2023-11-06 17:13:32', 'dynamic', null),
(_binary 0xFA261E120AF24180BECC68C76B7AC819, _binary 0x3564A0E7A4774747B6A296BE751A2E09, null, 'generic', '1301_S_output', 'Output', 1, 1, 'switch', null, 'sw|switch_on:b|1:s|on,sw|switch_off:b|:s|off,sw|switch_toggle::s|toggle', null, null, null, null, null, null, '2023-04-10 07:55:14', '2023-11-06 17:13:33', 'dynamic', null),
(_binary 0x04AA5BE1989A49D49158AC313B04898D, _binary 0x3564A0E7A4774747B6A296BE751A2E09, null, 'generic', '4301_P_power', 'Power', 0, 1, 'int', null, '0:288', '-1', null, null, null, null, null, '2023-04-10 07:55:14', '2023-04-10 07:55:14', 'dynamic', null),
(_binary 0x3BE171645DAA499B8F6AFF5481376889, _binary 0x3564A0E7A4774747B6A296BE751A2E09, null, 'generic', '4303_E_energy', 'Energy', 0, 1, 'uint', null, null, '-1', null, null, null, null, null, '2023-04-10 07:55:14', '2023-04-10 07:55:14', 'dynamic', null),
(_binary 0x0119E58157E2415FBFFE77C18F3A0773, _binary 0x3564A0E7A4774747B6A296BE751A2E09, null, 'generic', '5301_S_brightness', 'Brightness', 1, 1, 'int', null, '0:100', null, null, null, null, null, null, '2023-04-10 07:55:14', '2023-11-06 17:13:33', 'dynamic', null),
(_binary 0x3834F124E590473FA816692FA6690A7D, _binary 0xC7040B1907E44D639BD6CE46E58A25B5, null, 'generic', '1401_S_output', 'Output', 1, 1, 'switch', null, 'sw|switch_on:b|1:s|on,sw|switch_off:b|:s|off,sw|switch_toggle::s|toggle', null, null, null, null, null, null, '2023-04-10 07:55:14', '2023-11-06 17:13:33', 'dynamic', null),
(_binary 0xB318967DFB4F49AD8B8BD0436B8C3D24, _binary 0xC7040B1907E44D639BD6CE46E58A25B5, null, 'generic', '4401_P_power', 'Power', 0, 1, 'int', null, '0:288', '-1', null, null, null, null, null, '2023-04-10 07:55:14', '2023-04-10 07:55:14', 'dynamic', null),
(_binary 0x3BF7B325444E4E1493DC4C7E8FA7DB43, _binary 0xC7040B1907E44D639BD6CE46E58A25B5, null, 'generic', '4403_E_energy', 'Energy', 0, 1, 'uint', null, null, '-1', null, null, null, null, null, '2023-04-10 07:55:14', '2023-04-10 07:55:14', 'dynamic', null),
(_binary 0x91D2F0BC85E34A9DA45B6E9330FFB550, _binary 0xC7040B1907E44D639BD6CE46E58A25B5, null, 'generic', '5401_S_brightness', 'Brightness', 1, 1, 'int', null, '0:100', null, null, null, null, null, null, '2023-04-10 07:55:14', '2023-11-06 17:13:33', 'dynamic', null),
(_binary 0xE2474E685ED546E496D24F1589F071C2, _binary 0xD59C81685E604E6FB98E3D65D249E5D4, null, 'generic', '2101_S_input', 'Input', 0, 1, 'bool', null, null, null, null, null, null, null, null, '2023-04-10 07:55:14', '2023-04-10 07:55:14', 'dynamic', null),
(_binary 0x81946764A85C4AAAAA0FDEA564FBFDB3, _binary 0xD59C81685E604E6FB98E3D65D249E5D4, null, 'generic', '2102_EV_inputEvent', 'Input event', 0, 1, 'enum', null, 'S,L', null, null, null, null, null, null, '2023-04-10 07:55:14', '2023-11-06 17:13:33', 'dynamic', null),
(_binary 0xC08C4A10FFD14995884BC424C1625EA9, _binary 0xD59C81685E604E6FB98E3D65D249E5D4, null, 'generic', '2103_EVC_inputEventCnt', 'Input event count', 0, 1, 'ushort', null, null, null, null, null, null, null, null, '2023-04-10 07:55:14', '2023-04-10 07:55:14', 'dynamic', null),
(_binary 0x7C2846444B3B4F51A65CC7EF0BE0081F, _binary 0xD59C81685E604E6FB98E3D65D249E5D4, null, 'generic', '6102_A_overpower', 'Overpower', 0, 1, 'bool', null, null, '-1', null, null, null, null, null, '2023-04-10 07:55:14', '2023-04-10 07:55:14', 'dynamic', null),
(_binary 0xCA3EA4157D2D4C39831A89C386EAA16E, _binary 0xD59C81685E604E6FB98E3D65D249E5D4, null, 'generic', '9101_S_mode', 'Mode', 1, 1, 'enum', null, 'color,white', null, null, null, null, null, null, '2023-04-10 07:55:14', '2023-04-10 07:55:14', 'dynamic', null),
(_binary 0x414A59AC4D4841CDB036809E28A5E410, _binary 0xD59C81685E604E6FB98E3D65D249E5D4, null, 'generic', '9103_EVC_cfgChanged', 'Configuration changed', 0, 1, 'ushort', null, null, null, null, null, null, null, null, '2023-04-10 07:55:14', '2023-04-10 07:55:14', 'dynamic', null),
(_binary 0xC8A8705A03684E8581E2BF4051C8D6D7, _binary 0xC25752442D4D4F49808F3305BCB7F406, null, 'generic', '1101_S_output', 'Output', 1, 1, 'switch', null, 'sw|switch_on:b|1:s|on,sw|switch_off:b|:s|off,sw|switch_toggle::s|toggle', null, null, null, null, null, null, '2023-04-10 07:55:13', '2023-11-06 15:55:30', 'dynamic', null),
(_binary 0x6A6BA37E450D40F88673A394D80363D8, _binary 0xC25752442D4D4F49808F3305BCB7F406, null, 'generic', '4101_P_power', 'Power', 0, 1, 'int', null, '0:288', '-1', null, null, null, null, null, '2023-04-10 07:55:13', '2023-04-10 07:55:13', 'dynamic', null),
(_binary 0xD4D6179E66E04457B1F583A1886B59FE, _binary 0xC25752442D4D4F49808F3305BCB7F406, null, 'generic', '4103_E_energy', 'Energy', 0, 1, 'uint', null, null, '-1', null, null, null, null, null, '2023-04-10 07:55:13', '2023-04-10 07:55:13', 'dynamic', null),
(_binary 0xC3EA1254A71B46BA9BD1DDE826615D34, _binary 0xC25752442D4D4F49808F3305BCB7F406, null, 'generic', '5102_S_gain', 'Gain', 1, 1, 'int', null, '0:100', null, null, null, null, null, null, '2023-04-10 07:55:13', '2023-11-06 15:55:30', 'dynamic', null),
(_binary 0x5C23F132FF1E4E588436EFD05B893EF2, _binary 0xC25752442D4D4F49808F3305BCB7F406, null, 'generic', '5105_S_red', 'Red', 1, 1, 'int', null, '0:255', null, null, null, null, null, null, '2023-04-10 07:55:13', '2023-11-06 15:55:30', 'dynamic', null),
(_binary 0x36F81543C4A2412784BCE7A108820BDC, _binary 0xC25752442D4D4F49808F3305BCB7F406, null, 'generic', '5106_S_green', 'Green', 1, 1, 'int', null, '0:255', null, null, null, null, null, null, '2023-04-10 07:55:13', '2023-11-06 15:55:30', 'dynamic', null),
(_binary 0xB69EA5F077744F3A8F06CB91F75D8B25, _binary 0xC25752442D4D4F49808F3305BCB7F406, null, 'generic', '5107_S_blue', 'Blue', 1, 1, 'int', null, '0:255', null, null, null, null, null, null, '2023-04-10 07:55:13', '2023-11-06 15:55:30', 'dynamic', null),
(_binary 0xAE2CEC70CBD5425A84D5BC8C61DC73D0, _binary 0xC25752442D4D4F49808F3305BCB7F406, null, 'generic', '5108_S_white', 'White', 1, 1, 'int', null, '0:255', null, null, null, null, null, null, '2023-04-10 07:55:13', '2023-11-06 15:55:30', 'dynamic', null),
(_binary 0x9BB9434CD0A54255905A4FB54AE29DE3, _binary 0xC25752442D4D4F49808F3305BCB7F406, null, 'generic', '5109_S_effect', 'Effect', 0, 1, 'int', null, '0:3', null, null, null, null, null, null, '2023-04-10 07:55:13', '2023-04-10 07:55:13', 'dynamic', null),
(_binary 0x50E4051837234E4F97D681FEC5A1856B, _binary 0xC25752442D4D4F49808F3305BCB7F406, null, 'generic', '6102_A_overpower', 'Overpower', 0, 1, 'bool', null, null, '-1', null, null, null, null, null, '2023-04-10 07:55:13', '2023-04-10 07:55:13', 'dynamic', null),
(_binary 0xBFDAA73A91A8495CB21832E2E425475D, _binary 0xE19D5139909B488F9AB44E6A0F96F816, null, 'generic', '2101_S_input', 'Input', 0, 1, 'bool', null, null, null, null, null, null, null, null, '2023-04-10 07:55:13', '2023-04-10 07:55:13', 'dynamic', null),
(_binary 0xCD941C8E527F4B53967B6C07D4196F81, _binary 0xE19D5139909B488F9AB44E6A0F96F816, null, 'generic', '2102_EV_inputEvent', 'Input event', 0, 1, 'enum', null, 'S,L', null, null, null, null, null, null, '2023-04-10 07:55:13', '2023-11-06 15:55:30', 'dynamic', null),
(_binary 0x47527BBA779F4CDCB7D3C93BBA4BABE6, _binary 0xE19D5139909B488F9AB44E6A0F96F816, null, 'generic', '2103_EVC_inputEventCnt', 'Input event count', 0, 1, 'ushort', null, null, null, null, null, null, null, null, '2023-04-10 07:55:13', '2023-04-10 07:55:13', 'dynamic', null),
(_binary 0x36BA3BEC381F4CAF9A58767A50A313B0, _binary 0xE19D5139909B488F9AB44E6A0F96F816, null, 'generic', '9101_S_mode', 'Mode', 1, 1, 'enum', null, 'color,white', null, null, null, null, null, null, '2023-04-10 07:55:14', '2023-04-10 07:55:14', 'dynamic', null),
(_binary 0x8C6232B1FA864C9E9F3D38F119F78241, _binary 0xE19D5139909B488F9AB44E6A0F96F816, null, 'generic', '9103_EVC_cfgChanged', 'Configuration changed', 0, 1, 'ushort', null, null, null, null, null, null, null, null, '2023-04-10 07:55:13', '2023-04-10 07:55:13', 'dynamic', null),
(_binary 0x5DEAE70784FD453B8FE154B3638AE297, _binary 0x0872C06222EB4AF8AE14DB32983EBC2A, null, 'generic', 'switch_0_output', 'State', 1, 1, 'bool', null, null, null, null, null, null, null, null, '2024-01-13 20:21:19', '2024-01-13 20:21:19', 'dynamic', null),
(_binary 0x0A5A306301544103955934EDC015700E, _binary 0x0872C06222EB4AF8AE14DB32983EBC2A, null, 'generic', 'switch_0_voltage', 'Voltage', 0, 1, 'float', 'V', null, null, null, null, null, null, null, '2023-04-10 07:55:15', '2023-04-10 07:55:15', 'dynamic', null),
(_binary 0x51BC9E6B36874BDD97B23C874CFE4613, _binary 0x0872C06222EB4AF8AE14DB32983EBC2A, null, 'generic', 'switch_0_current', 'Current', 0, 1, 'float', 'A', null, null, null, null, null, null, null, '2023-04-10 07:55:15', '2023-04-10 07:55:15', 'dynamic', null),
(_binary 0x6A7FF31B74594CE3A2ED229EE871A27E, _binary 0x0872C06222EB4AF8AE14DB32983EBC2A, null, 'generic', 'switch_0_active_power', 'Active Power', 0, 1, 'float', 'W', null, null, null, null, null, null, null, '2023-04-10 07:55:15', '2024-01-13 20:21:19', 'dynamic', null),
(_binary 0x593CF5B7E2A746C2854907633FCD1637, _binary 0x84B823783741436BBC7FF78B5F026942, null, 'generic', 'input_0_switch', 'Switch', 0, 1, 'bool', null, null, null, null, null, null, null, null, '2024-01-13 20:21:20', '2024-01-13 20:21:20', 'dynamic', null),
(_binary 0x5E5F42DFB4B547998C20B1F392FFB82F, _binary 0x134D31C5C9FD42A6871EA1CB09028E8D, null, 'generic', 'script_1_result', 'Result', 0, 0, 'float', null, null, null, null, null, null, null, null, '2024-01-13 20:21:21', '2024-02-01 20:45:18', 'dynamic', null),
(_binary 0xFF747A7F965440F58E63E2753FCB0B4D, _binary 0x134D31C5C9FD42A6871EA1CB09028E8D, null, 'generic', 'script_1_running', 'Running', 1, 1, 'bool', null, null, null, null, null, null, null, null, '2024-01-13 20:21:21', '2024-01-13 20:21:21', 'dynamic', null),
(_binary 0x701297419FC0488487630F7C403B15A7, _binary 0x6120A2D4CBD3484ABA2FDA453E50E03A, null, 'generic', 'temperature_100_celsius', 'Temperature Celsius', 0, 1, 'float', '°C', null, null, null, null, null, null, null, '2024-01-13 20:21:20', '2024-01-13 20:21:20', 'dynamic', null),
(_binary 0x532FCDAC65C240DFB986A7ED629DDBBA, _binary 0x6120A2D4CBD3484ABA2FDA453E50E03A, null, 'generic', 'temperature_100_fahrenheit', 'Temperature Fahrenheit', 0, 1, 'float', 'F', null, null, null, null, null, null, null, '2024-01-13 20:21:21', '2024-01-13 20:21:21', 'dynamic', null),
(_binary 0xB73C5AFD44CE40FCB170979E301DC251, _binary 0xC408769FCFDB4DEE9A5F77BEC8D819F3, null, 'generic', 'voltmeter_100_xvoltage', 'Calculated', 0, 1, 'float', null, null, null, null, null, null, null, null, '2024-01-13 20:21:21', '2024-01-13 20:21:21', 'dynamic', null),
(_binary 0xB20C7D3FF9BE4CFEB21651D64280EF0C, _binary 0xC408769FCFDB4DEE9A5F77BEC8D819F3, null, 'generic', 'voltmeter_100_voltage', 'Voltage', 0, 1, 'float', 'V', null, null, null, null, null, null, null, '2024-01-13 20:21:21', '2024-01-13 20:21:21', 'dynamic', null),
(_binary 0x45CF2C4D97A84EDF9202A8F015BFAB90, _binary 0x16410355AB0D43A48D85479617BDCDDE, null, 'generic', 'switch_0_output', 'State', 1, 1, 'bool', null, null, null, null, null, null, null, null, '2024-01-13 20:21:11', '2024-01-13 20:21:11', 'dynamic', null),
(_binary 0x0546BC3DCBC44565AD2785A3371227D4, _binary 0x16410355AB0D43A48D85479617BDCDDE, null, 'generic', 'switch_0_voltage', 'Voltage', 0, 1, 'float', 'V', null, null, null, null, null, null, null, '2023-04-10 07:55:15', '2023-04-10 07:55:15', 'dynamic', null),
(_binary 0xF05F0FF1CD6C4B77B202F827ED3BA7DD, _binary 0x16410355AB0D43A48D85479617BDCDDE, null, 'generic', 'switch_0_current', 'Current', 0, 1, 'float', 'A', null, null, null, null, null, null, null, '2023-04-10 07:55:15', '2023-04-10 07:55:15', 'dynamic', null),
(_binary 0x628EE61E48994D9BAB259AA374C66C3B, _binary 0x16410355AB0D43A48D85479617BDCDDE, null, 'generic', 'switch_0_power_factor', 'Power Factor', 0, 1, 'float', null, null, null, null, null, null, null, null, '2023-04-10 07:55:15', '2024-01-13 20:21:11', 'dynamic', null),
(_binary 0xC738A8A9F9F545038D93FB619499B801, _binary 0x16410355AB0D43A48D85479617BDCDDE, null, 'generic', 'switch_0_active_power', 'Active Power', 0, 1, 'float', 'W', null, null, null, null, null, null, null, '2023-04-10 07:55:15', '2024-01-13 20:21:11', 'dynamic', null),
(_binary 0x4011856AA359443DBF5B889F57202A35, _binary 0x5B12A578325F472692406EBE92088634, null, 'generic', 'switch_1_output', 'State', 1, 1, 'bool', null, null, null, null, null, null, null, null, '2024-01-13 20:21:12', '2024-01-13 20:21:12', 'dynamic', null),
(_binary 0xBCD9F1514E6940E88C992F2F7BEAECD5, _binary 0x5B12A578325F472692406EBE92088634, null, 'generic', 'switch_1_voltage', 'Voltage', 0, 1, 'float', 'V', null, null, null, null, null, null, null, '2023-04-10 07:55:16', '2023-04-10 07:55:16', 'dynamic', null),
(_binary 0x6C2E6B262A69427A9631D0B595403F24, _binary 0x5B12A578325F472692406EBE92088634, null, 'generic', 'switch_1_current', 'Current', 0, 1, 'float', 'A', null, null, null, null, null, null, null, '2023-04-10 07:55:16', '2023-04-10 07:55:16', 'dynamic', null),
(_binary 0x3A4E5FB0D6F348FD9F33A4718100438C, _binary 0x5B12A578325F472692406EBE92088634, null, 'generic', 'switch_1_power_factor', 'Power Factor', 0, 1, 'float', null, null, null, null, null, null, null, null, '2023-04-10 07:55:16', '2024-01-13 20:21:12', 'dynamic', null),
(_binary 0x550E57C46BA142BCBFED60787E37CCF3, _binary 0x5B12A578325F472692406EBE92088634, null, 'generic', 'switch_1_active_power', 'Active Power', 0, 1, 'float', 'W', null, null, null, null, null, null, null, '2023-04-10 07:55:16', '2024-01-13 20:21:12', 'dynamic', null),
(_binary 0xFED5B83C6D0549E9BE89E554194F2FED, _binary 0xD56F28F312CE4F98AEDC216DEB9159DE, null, 'generic', 'input_0_switch', 'Switch', 0, 1, 'bool', null, null, null, null, null, null, null, null, '2024-01-13 20:21:13', '2024-01-13 20:21:13', 'dynamic', null),
(_binary 0x8483D39240254E09BF5AE7E6A34774D6, _binary 0xCE308FB304B74DEDB2A0F6F214CC8208, null, 'generic', 'input_1_switch', 'Switch', 0, 1, 'bool', null, null, null, null, null, null, null, null, '2024-01-13 20:21:13', '2024-01-13 20:21:13', 'dynamic', null),
(_binary 0x9DB6EA8977574860AB80A1075320589A, _binary 0x9A2E3D8243044394B682B826FF668A11, null, 'generic', 'script_1_result', 'Result', 0, 0, 'float', null, null, null, null, null, null, null, null, '2024-01-13 20:21:15', '2024-02-01 20:45:24', 'dynamic', null),
(_binary 0xAE86EDA0E4A94078973357D66296D017, _binary 0x9A2E3D8243044394B682B826FF668A11, null, 'generic', 'script_1_running', 'Running', 1, 1, 'bool', null, null, null, null, null, null, null, null, '2024-01-13 20:21:15', '2024-01-13 20:21:15', 'dynamic', null),
(_binary 0x3EEA91E9765243EBA6B32D368EED38E4, _binary 0xEC687979C8604967B9D780626E8C28AB, null, 'generic', 'temperature_100_celsius', 'Temperature Celsius', 0, 1, 'float', '°C', null, null, null, null, null, null, null, '2024-01-13 20:21:14', '2024-01-13 20:21:14', 'dynamic', null),
(_binary 0x5F3B279BEB0342B4A77AD2E49276AED4, _binary 0xEC687979C8604967B9D780626E8C28AB, null, 'generic', 'temperature_100_fahrenheit', 'Temperature Fahrenheit', 0, 1, 'float', 'F', null, null, null, null, null, null, null, '2024-01-13 20:21:15', '2024-01-13 20:21:15', 'dynamic', null),
(_binary 0x11465DE7E97C4D318EE8E7273718C692, _binary 0xB83245A211774DC09F710B256BFF93F5, null, 'generic', 'voltmeter_100_xvoltage', 'Calculated', 0, 1, 'float', null, null, null, null, null, null, null, null, '2024-01-13 20:21:16', '2024-01-13 20:21:16', 'dynamic', null),
(_binary 0x984002AD67BC4A9C9CEB7E9089D3C3E9, _binary 0xB83245A211774DC09F710B256BFF93F5, null, 'generic', 'voltmeter_100_voltage', 'Voltage', 0, 1, 'float', 'V', null, null, null, null, null, null, null, '2024-01-13 20:21:16', '2024-01-13 20:21:16', 'dynamic', null),
(_binary 0x25979909fce3470a8f7c765122721f48, _binary 0xf980c87465354478a6e86662ef2db065, null, 'generic', 'cover_0_state', 'State', 0, 1, 'enum', null, 'open,closed,opening,closing,stopped,calibrating', null, null, null, null, null, null, '2024-01-13 20:21:11', '2024-01-13 20:21:11', 'dynamic', null),
(_binary 0x10d203fd76484ae4a107a21f06b94d51, _binary 0xf980c87465354478a6e86662ef2db065, null, 'generic', 'cover_0_current_position', 'Current position', 0, 1, 'uchar', null, '0:100', null, null, null, null, null, null, '2024-01-13 20:21:11', '2024-01-13 20:21:11', 'dynamic', null),
(_binary 0xadd5fcc5eaa74789813f3ac4bc0e48cf, _binary 0xf980c87465354478a6e86662ef2db065, null, 'generic', 'cover_0_target_position', 'Target position', 1, 1, 'uchar', null, '0:100', null, null, null, null, null, null, '2024-01-13 20:21:11', '2024-01-13 20:21:11', 'dynamic', null),
(_binary 0x1c2125adc9454bd0a613eb136501f1a0, _binary 0xf980c87465354478a6e86662ef2db065, null, 'generic', 'cover_0_voltage', 'Voltage', 0, 1, 'float', 'V', null, null, null, null, null, null, null, '2023-04-10 07:55:15', '2023-04-10 07:55:15', 'dynamic', null),
(_binary 0x0653a9bfeb8045ba9f8ff77094de7c3e, _binary 0xf980c87465354478a6e86662ef2db065, null, 'generic', 'cover_0_current', 'Current', 0, 1, 'float', 'A', null, null, null, null, null, null, null, '2023-04-10 07:55:15', '2023-04-10 07:55:15', 'dynamic', null),
(_binary 0x6dad3e2eb07c454483392dd7c0812e33, _binary 0xf980c87465354478a6e86662ef2db065, null, 'generic', 'cover_0_power_factor', 'Power Factor', 0, 1, 'float', null, null, null, null, null, null, null, null, '2023-04-10 07:55:15', '2024-01-13 20:21:11', 'dynamic', null),
(_binary 0x8a39cd2bb2a74547b4b96785e74fe713, _binary 0xf980c87465354478a6e86662ef2db065, null, 'generic', 'cover_0_active_power', 'Active Power', 0, 1, 'float', 'W', null, null, null, null, null, null, null, '2023-04-10 07:55:15', '2024-01-13 20:21:11', 'dynamic', null),
(_binary 0x0dbcac63f86d4ab6bccee796e64dac2c, _binary 0xae0ef3fcb89b4703ac88d72ccb7b5e9d, null, 'generic', 'input_0_switch', 'Switch', 0, 1, 'bool', null, null, null, null, null, null, null, null, '2024-01-13 20:21:13', '2024-01-13 20:21:13', 'dynamic', null),
(_binary 0x0b197db179bc43b29bc138495e22f0a0, _binary 0x5542656055ec414d9b854c811d9f196b, null, 'generic', 'input_1_switch', 'Switch', 0, 1, 'bool', null, null, null, null, null, null, null, null, '2024-01-13 20:21:13', '2024-01-13 20:21:13', 'dynamic', null),
(_binary 0x351f758fc4184f03b2c39c3398d6249b, _binary 0x9453a0ff32ff40978367373edd9ed1ac, null, 'generic', 'script_1_result', 'Result', 0, 0, 'float', null, null, null, null, null, null, null, null, '2024-01-13 20:21:15', '2024-02-01 20:45:24', 'dynamic', null),
(_binary 0xc1d41b2d6d4741d2b0340b91d6149ac6, _binary 0x9453a0ff32ff40978367373edd9ed1ac, null, 'generic', 'script_1_running', 'Running', 1, 1, 'bool', null, null, null, null, null, null, null, null, '2024-01-13 20:21:15', '2024-01-13 20:21:15', 'dynamic', null),
(_binary 0x3348feb854e64e07b3819819daed44d9, _binary 0x099a69caed084cf8a847c018b0b269f3, null, 'generic', 'temperature_100_celsius', 'Temperature Celsius', 0, 1, 'float', '°C', null, null, null, null, null, null, null, '2024-01-13 20:21:14', '2024-01-13 20:21:14', 'dynamic', null),
(_binary 0x168cbc6636a5450fa024d8d5f828d8ba, _binary 0x099a69caed084cf8a847c018b0b269f3, null, 'generic', 'temperature_100_fahrenheit', 'Temperature Fahrenheit', 0, 1, 'float', 'F', null, null, null, null, null, null, null, '2024-01-13 20:21:15', '2024-01-13 20:21:15', 'dynamic', null),
(_binary 0xcb031849227e4d7499f1279f1c768e53, _binary 0x5b9a285f397a42f4a70a1a8f6985cc66, null, 'generic', 'voltmeter_100_xvoltage', 'Calculated', 0, 1, 'float', null, null, null, null, null, null, null, null, '2024-01-13 20:21:16', '2024-01-13 20:21:16', 'dynamic', null),
(_binary 0xee1db380fec2453bae05174f3ccbc8c7, _binary 0x5b9a285f397a42f4a70a1a8f6985cc66, null, 'generic', 'voltmeter_100_voltage', 'Voltage', 0, 1, 'float', 'V', null, null, null, null, null, null, null, '2024-01-13 20:21:16', '2024-01-13 20:21:16', 'dynamic', null),
(_binary 0x9c5e5a5f1b5d4394a9b9199f1701efac, _binary 0x6ecec6b9a48a48918d61d552e63e5f5a, null, 'generic', 'opening_sensor', 'Temperature', 0, 1, 'float', '°C', null, null, null, null, null, null, null, '2024-02-04 22:00:00', '2024-02-04 22:00:00', 'dynamic', null),
(_binary 0x1e196c5ca4694ec795e7c4bb48d58fe0, _binary 0x6ecec6b9a48a48918d61d552e63e5f5a, null, 'generic', 'floor_sensor', 'Floor temperature', 0, 1, 'float', '°C', null, null, null, null, null, null, null, '2024-02-04 22:00:00', '2024-02-04 22:00:00', 'dynamic', null),
(_binary 0x11807caa082c468b8a1b88ba8a715ca1, _binary 0x6ecec6b9a48a48918d61d552e63e5f5a, null, 'generic', 'heater', 'Switch', 1, 1, 'bool', null, null, null, null, null, null, null, null, '2024-02-04 22:00:00', '2024-02-04 22:00:00', 'dynamic', null),
(_binary 0x13485858344f4affa196bd2db828cd7b, _binary 0x0df26d9652954b1084d36dc0f626e9bb, null, 'generic', 'opening_sensor', 'Temperature', 0, 1, 'float', '°C', null, null, null, null, null, null, null, '2024-02-04 22:00:00', '2024-02-04 22:00:00', 'dynamic', null),
(_binary 0x8c6254282b9441679ec53997dd95c37a, _binary 0x0df26d9652954b1084d36dc0f626e9bb, null, 'generic', 'floor_sensor', 'Floor temperature', 0, 1, 'float', '°C', null, null, null, null, null, null, null, '2024-02-04 22:00:00', '2024-02-04 22:00:00', 'dynamic', null),
(_binary 0x11444ab2a0654d1c9e8f3dff818ff256, _binary 0x0df26d9652954b1084d36dc0f626e9bb, null, 'generic', 'heater', 'Switch', 1, 1, 'bool', null, null, null, null, null, null, null, null, '2024-02-04 22:00:00', '2024-02-04 22:00:00', 'dynamic', null),
(_binary 0x95FF45D69F7840048F3D43E53055072E, _binary 0x4EED85AB619343F58CA8334841CE3327, _binary 0xA4B47B3297EA40D2895CD642DD3341CC, 'generic', 'on', null, 1, 1, 'switch', null, 'sw|switch_on:b|1:b|1,sw|switch_off:b|:b|', null, null, null, null, null, null, '2020-04-01 12:00:00', '2020-04-01 12:00:00', 'mapped', null),
(_binary 0xB86C028D307D424395D9D90246D7A414, _binary 0x4EED85AB619343F58CA8334841CE3327, null, 'generic', 'name', null, 0, 0, 'string', null, null, null, null, null, 'Shelly 1', null, null, '2020-04-01 12:00:00', '2020-04-01 12:00:00', 'variable', null);
