INSERT
IGNORE INTO `fb_devices_module_connectors` (`connector_id`, `connector_identifier`, `connector_name`, `connector_comment`, `connector_enabled`, `connector_type`, `created_at`, `updated_at`) VALUES
(_binary 0x2775E81939F8469796B7DB9E699E7CEC, 'panasonic-tv', 'Panasonic TV Integration', null, true, 'viera-connector', '2024-08-20 11:00:00', '2024-08-20 11:00:00'),
(_binary 0x451ab010f5004eff82899ed09e56a887, 'homekit', 'HomeKit', null, true, 'homekit-connector', '2024-08-20 11:00:00', '2024-08-20 11:00:00');

INSERT
IGNORE INTO `fb_devices_module_connectors_controls` (`control_id`, `connector_id`, `control_name`, `created_at`, `updated_at`) VALUES
(_binary 0xe7c9e5834af14b86b647f179207e6456, _binary 0x2775E81939F8469796B7DB9E699E7CEC, 'reboot', '2024-08-20 11:00:00', '2024-08-20 11:00:00'),
(_binary 0xF4B79DBC733B4C5E8406C1F6B411356D, _binary 0x2775E81939F8469796B7DB9E699E7CEC, 'discover', '2024-08-20 11:00:00', '2024-08-20 11:00:00');

INSERT
INTO `fb_devices_module_connectors_properties` (`property_id`, `connector_id`, `property_category`, `property_identifier`, `property_name`, `property_settable`, `property_queryable`, `property_data_type`, `property_unit`, `property_format`, `property_invalid`, `property_scale`, `property_step`, `property_value`, `property_default`, `params`, `created_at`, `updated_at`, `property_type`, `property_value_transformer`) VALUES
(_binary 0x138305B879244DE0BB5E0C06A1C8B2C8, _binary 0x2775E81939F8469796B7DB9E699E7CEC, 'generic', 'state', null, 0, 0, 'enum', null, 'running,stopped,unknown,sleeping,alert', null, null, null, null, null, null, '2024-08-20 11:00:00', '2024-08-20 11:00:00', 'dynamic', null);

INSERT
INTO `fb_devices_module_devices` (`device_id`, `connector_id`, `device_category`, `device_identifier`, `device_name`, `device_comment`, `params`, `created_at`, `updated_at`, `device_type`) VALUES
(_binary 0x8BB73F8A006E4A0B81FE384D01C3FCA2, _binary 0x2775E81939F8469796B7DB9E699E7CEC, 'generic', '4D454930-0200-1000-8001-A81374B30314', 'Bedroom TV', null, null, '2024-08-20 11:00:00', '2024-08-20 11:00:00', 'viera-connector'),
(_binary 0xB6114B3256C448388E3E7427CE6F8BDB, _binary 0x2775E81939F8469796B7DB9E699E7CEC, 'generic', '4D454930-0200-1000-8001-80C755230D19', 'Living Room TV', null, null, '2024-08-20 11:00:00', '2024-08-20 11:00:00', 'viera-connector'),
(_binary 0x1D0F40BFE0234E628BEC7A5D81E40E84, _binary 0x451AB010F5004EFF82899ED09E56A887, 'generic', '4D454930-0200-1000-8001-80C755230D19', 'Living Room TV', null, null, '2024-08-20 11:00:00', '2024-08-20 11:00:00', 'viera-connector-homekit-connector-bridge');

INSERT
INTO `fb_devices_module_devices_children` (`child_device`, `parent_device`) VALUES
(_binary 0x1D0F40BFE0234E628BEC7A5D81E40E84, _binary 0xB6114B3256C448388E3E7427CE6F8BDB);

INSERT
INTO `fb_devices_module_devices_properties` (`property_id`, `device_id`, `parent_id`, `property_category`, `property_identifier`, `property_name`, `property_settable`, `property_queryable`, `property_data_type`, `property_unit`, `property_format`, `property_invalid`, `property_scale`, `property_step`, `property_value`, `property_default`, `property_value_transformer`, `params`, `created_at`, `updated_at`, `property_type`) VALUES
(_binary 0x51AA41EF772547FC81D3A2C8B778679A, _binary 0x8BB73F8A006E4A0B81FE384D01C3FCA2, null, 'generic', 'state', 'State', 0, 0, 'enum', null, 'connected,disconnected,alert,unknown', null, null, null, null, null, null, null, '2024-08-20 11:00:00', '2024-08-20 11:00:00', 'dynamic'),
(_binary 0x3833C181F5FC45B597BC4F53B99BE24D, _binary 0x8BB73F8A006E4A0B81FE384D01C3FCA2, null, 'generic', 'hardware_model', 'Hardware model', 0, 0, 'string', null, null, null, null, null, 'Panasonic VIErA TX-49DX600EA', null, null, null, '2024-08-20 11:00:00', '2024-08-20 11:00:00', 'variable'),
(_binary 0x6E7F16ABC68E467182248B90609982AD, _binary 0x8BB73F8A006E4A0B81FE384D01C3FCA2, null, 'generic', 'hardware_manufacturer', 'Hardware manufacturer', 0, 0, 'string', null, null, null, null, null, 'Panasonic', null, null, null, '2024-08-20 11:00:00', '2024-08-20 11:00:00', 'variable'),
(_binary 0x617C6C33645C4237B6861731A48FA156, _binary 0x8BB73F8A006E4A0B81FE384D01C3FCA2, null, 'generic', 'serial_number', 'Serial number', 0, 0, 'string', null, null, null, null, null, '4D454930-0200-1000-8001-A81374B30314', null, null, null, '2024-08-20 11:00:00', '2024-08-20 11:00:00', 'variable'),
(_binary 0x8BFEF5D69CD14128A4E9F58363CA5370, _binary 0x8BB73F8A006E4A0B81FE384D01C3FCA2, null, 'generic', 'ip_address', 'IP address', 0, 0, 'string', null, null, null, null, null, '10.10.0.75', null, null, null, '2024-08-20 11:00:00', '2024-08-20 11:00:00', 'variable'),
(_binary 0xADC90DA763AA4559999D33E68CC10801, _binary 0x8BB73F8A006E4A0B81FE384D01C3FCA2, null, 'generic', 'port', 'Port', 0, 0, 'uint', null, null, null, null, null, '55000', null, null, null, '2024-08-20 11:00:00', '2024-08-20 11:00:00', 'variable'),
(_binary 0xB12473916E104F2A8458E0340AA72817, _binary 0x8BB73F8A006E4A0B81FE384D01C3FCA2, null, 'generic', 'encrypted', 'Encrypted', 0, 0, 'bool', null, null, null, null, null, '0', null, null, null, '2024-08-20 11:00:00', '2024-08-20 11:00:00', 'variable'),
(_binary 0x497C0400C9A84F93A43044BF2397AB0A, _binary 0xB6114B3256C448388E3E7427CE6F8BDB, null, 'generic', 'state', 'State', 0, 0, 'enum', null, 'connected,disconnected,alert,unknown', null, null, null, null, null, null, null, '2024-01-14 16:55:39', '2024-01-14 16:55:39', 'dynamic'),
(_binary 0xF7F5567FB7DA47D98FCEE3C4310CE6F2, _binary 0xB6114B3256C448388E3E7427CE6F8BDB, null, 'generic', 'hardware_model', 'Hardware model', 0, 0, 'string', null, null, null, null, null, 'Panasonic VIErA TX-65FX700E', null, null, null, '2024-01-14 16:55:40', '2024-01-14 16:55:40', 'variable'),
(_binary 0x15D68A86E91344A990262A3BFD9EDB27, _binary 0xB6114B3256C448388E3E7427CE6F8BDB, null, 'generic', 'hardware_manufacturer', 'Hardware manufacturer', 0, 0, 'string', null, null, null, null, null, 'Panasonic', null, null, null, '2024-01-14 16:55:40', '2024-01-14 16:55:40', 'variable'),
(_binary 0x4ACE04052D734E1A99E93D9195871080, _binary 0xB6114B3256C448388E3E7427CE6F8BDB, null, 'generic', 'serial_number', 'Serial number', 0, 0, 'string', null, null, null, null, null, '4D454930-0200-1000-8001-80C755230D19', null, null, null, '2024-01-14 16:55:40', '2024-01-14 16:55:40', 'variable'),
(_binary 0xA08AABD2C46F487480D182164E3CE048, _binary 0xB6114B3256C448388E3E7427CE6F8BDB, null, 'generic', 'ip_address', 'IP address', 0, 0, 'string', null, null, null, null, null, '10.10.0.6', null, null, null, '2024-01-14 16:55:40', '2024-01-14 16:55:40', 'variable'),
(_binary 0x52388C4860DD41068BBF519979D2FA0B, _binary 0xB6114B3256C448388E3E7427CE6F8BDB, null, 'generic', 'port', 'Port', 0, 0, 'uint', null, null, null, null, null, '55000', null, null, null, '2024-01-14 16:55:40', '2024-01-14 16:55:40', 'variable'),
(_binary 0xAFC9E922377D45E29EAD598E00BE2F33, _binary 0xB6114B3256C448388E3E7427CE6F8BDB, null, 'generic', 'encrypted', 'Encrypted', 0, 0, 'bool', null, null, null, null, null, '1', null, null, null, '2024-01-14 16:55:40', '2024-01-14 16:55:40', 'variable'),
(_binary 0x85FC452266044633913F5ADD63A7F0B1, _binary 0xB6114B3256C448388E3E7427CE6F8BDB, null, 'generic', 'encryption_key', 'Encryption key', 0, 0, 'string', null, null, null, null, null, 'ARQvpTisGF7uABn3acdWvQ==', null, null, null, '2024-01-14 16:56:30', '2024-01-14 16:56:30', 'variable'),
(_binary 0x8AF45DF2B6914F1899EE5A8D4AA09B5D, _binary 0xB6114B3256C448388E3E7427CE6F8BDB, null, 'generic', 'app_id', 'App ID', 0, 0, 'string', null, null, null, null, null, 'Be/E6dg63Reaawc==', null, null, null, '2024-01-14 16:56:30', '2024-01-14 16:56:30', 'variable'),
(_binary 0x0E54D2F8B3E544B8BE3591476725389C, _binary 0x1D0F40BFE0234E628BEC7A5D81E40E84, null, 'generic', 'hardware_model', null, 0, 0, 'string', null, null, null, null, null, 'Panasonic VIErA TX-65FX700E', null, null, null, '2024-08-20 11:00:00', '2024-08-20 11:00:00', 'variable'),
(_binary 0x3800F64EEA3544458FD03DF01D88A3A6, _binary 0x1D0F40BFE0234E628BEC7A5D81E40E84, null, 'generic', 'serial_number', null, 0, 0, 'string', null, null, null, null, null, '4D454930-0200-1000-8001-80C755230D19', null, null, null, '2024-08-20 11:00:00', '2024-08-20 11:00:00', 'variable'),
(_binary 0x441B1A39524F454CA090DE00BE0751EC, _binary 0x1D0F40BFE0234E628BEC7A5D81E40E84, null, 'generic', 'firmware_manufacturer', null, 0, 0, 'string', null, null, null, null, null, 'Panasonic', null, null, null, '2024-08-20 11:00:00', '2024-08-20 11:00:00', 'variable'),
(_binary 0xD29A68A43F9E44B8B89C7BD33A933F41, _binary 0x1D0F40BFE0234E628BEC7A5D81E40E84, null, 'generic', 'category', null, 0, 0, 'uchar', null, null, null, null, null, '31', null, null, null, '2024-08-20 11:00:00', '2024-08-20 11:00:00', 'variable');

INSERT
INTO `fb_devices_module_channels` (`channel_id`, `device_id`, `channel_category`, `channel_identifier`, `channel_name`, `channel_comment`, `params`, `created_at`, `updated_at`, `channel_type`) VALUES
(_binary 0xDCE21E03786D47F6B9F73E1751BD67CC, _binary 0x8BB73F8A006E4A0B81FE384D01C3FCA2, 'generic', 'television', null, null, null, '2024-08-20 11:00:00', '2024-08-20 11:00:00', 'viera-connector'),
(_binary 0xA732C52CF0A945DEB1CE2506FD60C2CF, _binary 0xB6114B3256C448388E3E7427CE6F8BDB, 'generic', 'television', null, null, null, '2024-01-14 16:55:40', '2024-01-14 16:55:40', 'viera-connector'),
(_binary 0x26C20FA0D99A40A48DF08C8511AFAF8D, _binary 0x1D0F40BFE0234E628BEC7A5D81E40E84, 'generic', 'television_1', 'Television', null, null, '2024-08-20 11:00:00', '2024-08-20 11:00:00', 'viera-connector-homekit-connector-bridge-television'),
(_binary 0x3BD7618442A946B0A1D5F2DC7ADDE564, _binary 0x1D0F40BFE0234E628BEC7A5D81E40E84, 'generic', 'television_speaker_1', 'Television speaker', null, null, '2024-08-20 11:00:00', '2024-08-20 11:00:00', 'viera-connector-homekit-connector-bridge-television-speaker'),
(_binary 0x3A703D4B6611431394CEDFB216526D15, _binary 0x1D0F40BFE0234E628BEC7A5D81E40E84, 'generic', 'input_source_1', 'TV', null, null, '2024-08-20 11:00:00', '2024-08-20 11:00:00', 'viera-connector-homekit-connector-bridge-input-source'),
(_binary 0x3FB7C3DEE5824C838C68B238B61FACDE, _binary 0x1D0F40BFE0234E628BEC7A5D81E40E84, 'generic', 'input_source_2', 'Hdmi1', null, null, '2024-08-20 11:00:00', '2024-08-20 11:00:00', 'viera-connector-homekit-connector-bridge-input-source'),
(_binary 0x9D8FD4DBE246436795FA58D7B85CF106, _binary 0x1D0F40BFE0234E628BEC7A5D81E40E84, 'generic', 'input_source_3', 'Hdmi2', null, null, '2024-08-20 11:00:00', '2024-08-20 11:00:00', 'viera-connector-homekit-connector-bridge-input-source'),
(_binary 0xA7094776DB014090939316A693FC4DD0, _binary 0x1D0F40BFE0234E628BEC7A5D81E40E84, 'generic', 'input_source_4', 'Hdmi3', null, null, '2024-08-20 11:00:00', '2024-08-20 11:00:00', 'viera-connector-homekit-connector-bridge-input-source'),
(_binary 0x56C4AB06F1F040B985B6F52810D53B6D, _binary 0x1D0F40BFE0234E628BEC7A5D81E40E84, 'generic', 'input_source_5', 'Apps market', null, null, '2024-08-20 11:00:00', '2024-08-20 11:00:00', 'viera-connector-homekit-connector-bridge-input-source'),
(_binary 0xFE7EBBEB7198404FB330247F6CEAE414, _binary 0x1D0F40BFE0234E628BEC7A5D81E40E84, 'generic', 'input_source_6', 'Netflix', null, null, '2024-08-20 11:00:00', '2024-08-20 11:00:00', 'viera-connector-homekit-connector-bridge-input-source'),
(_binary 0xABE474CAA748453F9D0C588C13C552C8, _binary 0x1D0F40BFE0234E628BEC7A5D81E40E84, 'generic', 'input_source_7', 'Youtube', null, null, '2024-08-20 11:00:00', '2024-08-20 11:00:00', 'viera-connector-homekit-connector-bridge-input-source'),
(_binary 0x806279BB3EBB475887F57F5F801DC7A1, _binary 0x1D0F40BFE0234E628BEC7A5D81E40E84, 'generic', 'input_source_8', 'Plex', null, null, '2024-08-20 11:00:00', '2024-08-20 11:00:00', 'viera-connector-homekit-connector-bridge-input-source'),
(_binary 0xDC6A20855A3B4F0E9E9AF0F0700D8D46, _binary 0x1D0F40BFE0234E628BEC7A5D81E40E84, 'generic', 'input_source_9', 'Apple tv+', null, null, '2024-08-20 11:00:00', '2024-08-20 11:00:00', 'viera-connector-homekit-connector-bridge-input-source'),
(_binary 0xE203FAF7722F45AC97E33851D965F9F7, _binary 0x1D0F40BFE0234E628BEC7A5D81E40E84, 'generic', 'input_source_10', 'Youtube music', null, null, '2024-08-20 11:00:00', '2024-08-20 11:00:00', 'viera-connector-homekit-connector-bridge-input-source');

INSERT
INTO `fb_devices_module_channels_properties` (`property_id`, `channel_id`, `parent_id`, `property_category`, `property_identifier`, `property_name`, `property_settable`, `property_queryable`, `property_data_type`, `property_unit`, `property_format`, `property_invalid`, `property_scale`, `property_step`, `property_value`, `property_default`, `property_value_transformer`, `params`, `created_at`, `updated_at`, `property_type`) VALUES
(_binary 0xF9C913C5FC4044A081977FB446557C4A, _binary 0xDCE21E03786D47F6B9F73E1751BD67CC, null, 'generic', 'state', 'State', 1, 1, 'bool', null, null, null, null, null, null, null, null, null, '2024-08-20 11:00:00', '2024-08-20 11:00:00', 'dynamic'),
(_binary 0x1759C57691B54254B711140C0A161CB0, _binary 0xDCE21E03786D47F6B9F73E1751BD67CC, null, 'generic', 'remote', 'Remote', 1, 0, 'string', null, null, null, null, null, null, null, null, null, '2024-08-20 11:00:00', '2024-08-20 11:00:00', 'dynamic'),
(_binary 0x2911F32966D54A4D8B98E6F65E3D104B, _binary 0xDCE21E03786D47F6B9F73E1751BD67CC, null, 'generic', 'volume', 'Volume', 1, 1, 'uchar', null, '0:100', null, null, null, null, null, null, null, '2024-08-20 11:00:00', '2024-08-20 11:00:00', 'dynamic'),
(_binary 0x8C1EF3C8EEB24627A141A585804439FF, _binary 0xDCE21E03786D47F6B9F73E1751BD67CC, null, 'generic', 'mute', 'Mute', 1, 1, 'bool', null, null, null, null, null, null, null, null, null, '2024-08-20 11:00:00', '2024-08-20 11:00:00', 'dynamic'),
(_binary 0xE0E897EC65C643E0818606CD901DB5E5, _binary 0xDCE21E03786D47F6B9F73E1751BD67CC, null, 'generic', 'hdmi', 'Hdmi', 1, 0, 'enum', null, null, null, null, null, null, null, null, null, '2024-08-20 11:00:00', '2024-08-20 11:00:00', 'dynamic'),
(_binary 0x2AC5091918E34025A7302E97BC73BEF8, _binary 0xDCE21E03786D47F6B9F73E1751BD67CC, null, 'generic', 'application', 'Application', 1, 0, 'enum', null, null, null, null, null, null, null, null, null, '2024-08-20 11:00:00', '2024-08-20 11:00:00', 'dynamic'),
(_binary 0x3518465689A8486C9FD4390D6F1482E8, _binary 0xDCE21E03786D47F6B9F73E1751BD67CC, null, 'generic', 'input_source', 'Input source', 1, 0, 'enum', null, 'TV:500:500', null, null, null, null, null, null, null, '2024-08-20 11:00:00', '2024-08-20 11:00:00', 'dynamic'),
(_binary 0x5930AF60F2DD442D8E0AFBFADD301C62, _binary 0xDCE21E03786D47F6B9F73E1751BD67CC, null, 'generic', 'key_0', 'Key 0', 1, 0, 'button', null, 'btn_clicked:NRC_D0-ONOFF:NRC_D0-ONOFF', null, null, null, null, null, null, null, '2024-08-20 11:00:00', '2024-08-20 11:00:00', 'dynamic'),
(_binary 0x034EA163CBE84C8682201C7DF6D2F39F, _binary 0xDCE21E03786D47F6B9F73E1751BD67CC, null, 'generic', 'key_1', 'Key 1', 1, 0, 'button', null, 'btn_clicked:NRC_D1-ONOFF:NRC_D1-ONOFF', null, null, null, null, null, null, null, '2024-08-20 11:00:00', '2024-08-20 11:00:00', 'dynamic'),
(_binary 0x8D1D9D8044544BC4901C8456BE3001E1, _binary 0xDCE21E03786D47F6B9F73E1751BD67CC, null, 'generic', 'key_2', 'Key 2', 1, 0, 'button', null, 'btn_clicked:NRC_D2-ONOFF:NRC_D2-ONOFF', null, null, null, null, null, null, null, '2024-08-20 11:00:00', '2024-08-20 11:00:00', 'dynamic'),
(_binary 0x29759795BC4F4D94AB2B570251EAA89B, _binary 0xDCE21E03786D47F6B9F73E1751BD67CC, null, 'generic', 'key_3', 'Key 3', 1, 0, 'button', null, 'btn_clicked:NRC_D3-ONOFF:NRC_D3-ONOFF', null, null, null, null, null, null, null, '2024-08-20 11:00:00', '2024-08-20 11:00:00', 'dynamic'),
(_binary 0x56E4C7E4C1A943D5A8D3E12D5CA1A76C, _binary 0xDCE21E03786D47F6B9F73E1751BD67CC, null, 'generic', 'key_4', 'Key 4', 1, 0, 'button', null, 'btn_clicked:NRC_D4-ONOFF:NRC_D4-ONOFF', null, null, null, null, null, null, null, '2024-08-20 11:00:00', '2024-08-20 11:00:00', 'dynamic'),
(_binary 0x8D8866B49E674AF4A2FA3766D1C1CD71, _binary 0xDCE21E03786D47F6B9F73E1751BD67CC, null, 'generic', 'key_5', 'Key 5', 1, 0, 'button', null, 'btn_clicked:NRC_D5-ONOFF:NRC_D5-ONOFF', null, null, null, null, null, null, null, '2024-08-20 11:00:00', '2024-08-20 11:00:00', 'dynamic'),
(_binary 0x760057CAD0C84765A97D9B15FE4C20F4, _binary 0xDCE21E03786D47F6B9F73E1751BD67CC, null, 'generic', 'key_6', 'Key 6', 1, 0, 'button', null, 'btn_clicked:NRC_D6-ONOFF:NRC_D6-ONOFF', null, null, null, null, null, null, null, '2024-08-20 11:00:00', '2024-08-20 11:00:00', 'dynamic'),
(_binary 0x3111CE26A6E04CD6889C8A08A50A7C52, _binary 0xDCE21E03786D47F6B9F73E1751BD67CC, null, 'generic', 'key_7', 'Key 7', 1, 0, 'button', null, 'btn_clicked:NRC_D7-ONOFF:NRC_D7-ONOFF', null, null, null, null, null, null, null, '2024-08-20 11:00:00', '2024-08-20 11:00:00', 'dynamic'),
(_binary 0xFFB80140F5DE45C6BEF6379EB860DA2A, _binary 0xDCE21E03786D47F6B9F73E1751BD67CC, null, 'generic', 'key_8', 'Key 8', 1, 0, 'button', null, 'btn_clicked:NRC_D8-ONOFF:NRC_D8-ONOFF', null, null, null, null, null, null, null, '2024-08-20 11:00:00', '2024-08-20 11:00:00', 'dynamic'),
(_binary 0xB0C2FAD9D89E47E5AEAF8DE8B5197181, _binary 0xDCE21E03786D47F6B9F73E1751BD67CC, null, 'generic', 'key_9', 'Key 9', 1, 0, 'button', null, 'btn_clicked:NRC_D9-ONOFF:NRC_D9-ONOFF', null, null, null, null, null, null, null, '2024-08-20 11:00:00', '2024-08-20 11:00:00', 'dynamic'),
(_binary 0x2C63FEA4883444DB9023B0D63B1C2BC5, _binary 0xDCE21E03786D47F6B9F73E1751BD67CC, null, 'generic', 'key_channel_up', 'Key channel up', 1, 0, 'button', null, 'btn_clicked:NRC_CH_UP-ONOFF:NRC_CH_UP-ONOFF', null, null, null, null, null, null, null, '2024-08-20 11:00:00', '2024-08-20 11:00:00', 'dynamic'),
(_binary 0x20B179A33AF24AD99C2F9E00D91FDA40, _binary 0xDCE21E03786D47F6B9F73E1751BD67CC, null, 'generic', 'key_channel_down', 'Key channel down', 1, 0, 'button', null, 'btn_clicked:NRC_CH_DOWN-ONOFF:NRC_CH_DOWN-ONOFF', null, null, null, null, null, null, null, '2024-08-20 11:00:00', '2024-08-20 11:00:00', 'dynamic'),
(_binary 0xCAD1BD29C1D34E999F637E94F9AB4100, _binary 0xDCE21E03786D47F6B9F73E1751BD67CC, null, 'generic', 'key_volume_up', 'Key volume up', 1, 0, 'button', null, 'btn_clicked:NRC_VOLUP-ONOFF:NRC_VOLUP-ONOFF', null, null, null, null, null, null, null, '2024-08-20 11:00:00', '2024-08-20 11:00:00', 'dynamic'),
(_binary 0x70DD205395344E178F77EB3EA8E6EE05, _binary 0xDCE21E03786D47F6B9F73E1751BD67CC, null, 'generic', 'key_volume_down', 'Key volume down', 1, 0, 'button', null, 'btn_clicked:NRC_VOLDOWN-ONOFF:NRC_VOLDOWN-ONOFF', null, null, null, null, null, null, null, '2024-08-20 11:00:00', '2024-08-20 11:00:00', 'dynamic'),
(_binary 0x84089269C7304B18BED94AFAA1728136, _binary 0xDCE21E03786D47F6B9F73E1751BD67CC, null, 'generic', 'key_arrow_up', 'Key arrow up', 1, 0, 'button', null, 'btn_clicked:NRC_UP-ONOFF:NRC_UP-ONOFF', null, null, null, null, null, null, null, '2024-08-20 11:00:00', '2024-08-20 11:00:00', 'dynamic'),
(_binary 0x2FCDDEBB026A42F79BFFF56DCA43ACCB, _binary 0xDCE21E03786D47F6B9F73E1751BD67CC, null, 'generic', 'key_arrow_right', 'Key arrow right', 1, 0, 'button', null, 'btn_clicked:NRC_RIGHT-ONOFF:NRC_RIGHT-ONOFF', null, null, null, null, null, null, null, '2024-08-20 11:00:00', '2024-08-20 11:00:00', 'dynamic'),
(_binary 0xF6B9DBED58B24B3C91EDE71922FFA0C5, _binary 0xDCE21E03786D47F6B9F73E1751BD67CC, null, 'generic', 'key_arrow_down', 'Key arrow down', 1, 0, 'button', null, 'btn_clicked:NRC_DOWN-ONOFF:NRC_DOWN-ONOFF', null, null, null, null, null, null, null, '2024-08-20 11:00:00', '2024-08-20 11:00:00', 'dynamic'),
(_binary 0x8799CB3918D54B5DAEFDBFFA63881970, _binary 0xDCE21E03786D47F6B9F73E1751BD67CC, null, 'generic', 'key_arrow_left', 'Key arrow left', 1, 0, 'button', null, 'btn_clicked:NRC_LEFT-ONOFF:NRC_LEFT-ONOFF', null, null, null, null, null, null, null, '2024-08-20 11:00:00', '2024-08-20 11:00:00', 'dynamic'),
(_binary 0x60956F3650C24462B8CBC2132E85524B, _binary 0xDCE21E03786D47F6B9F73E1751BD67CC, null, 'generic', 'key_tv', 'Key tv', 1, 0, 'button', null, 'btn_clicked:NRC_TV-ONOFF:NRC_TV-ONOFF', null, null, null, null, null, null, null, '2024-08-20 11:00:00', '2024-08-20 11:00:00', 'dynamic'),
(_binary 0x32E5A652AC69414FB898747B8B3D3C2B, _binary 0xDCE21E03786D47F6B9F73E1751BD67CC, null, 'generic', 'key_home', 'Key home', 1, 0, 'button', null, 'btn_clicked:NRC_HOME-ONOFF:NRC_HOME-ONOFF', null, null, null, null, null, null, null, '2024-08-20 11:00:00', '2024-08-20 11:00:00', 'dynamic'),
(_binary 0x68FF32E576F64DB08737150D39BF52D2, _binary 0xDCE21E03786D47F6B9F73E1751BD67CC, null, 'generic', 'key_ok', 'Key ok', 1, 0, 'button', null, 'btn_clicked:NRC_ENTER-ONOFF:NRC_ENTER-ONOFF', null, null, null, null, null, null, null, '2024-08-20 11:00:00', '2024-08-20 11:00:00', 'dynamic'),
(_binary 0xF80CFC8777054635A87CF13888DDAF42, _binary 0xDCE21E03786D47F6B9F73E1751BD67CC, null, 'generic', 'key_back', 'Key back', 1, 0, 'button', null, 'btn_clicked:NRC_RETURN-ONOFF:NRC_RETURN-ONOFF', null, null, null, null, null, null, null, '2024-08-20 11:00:00', '2024-08-20 11:00:00', 'dynamic'),
(_binary 0xE6805DA2AE0A4D1CA95986627C1437BB, _binary 0xDCE21E03786D47F6B9F73E1751BD67CC, null, 'generic', 'key_red', 'Key red', 1, 0, 'button', null, 'btn_clicked:NRC_RED-ONOFF:NRC_RED-ONOFF', null, null, null, null, null, null, null, '2024-08-20 11:00:00', '2024-08-20 11:00:00', 'dynamic'),
(_binary 0x965D2F0EB4BB47D78292177DBDF48C3C, _binary 0xDCE21E03786D47F6B9F73E1751BD67CC, null, 'generic', 'key_green', 'Key green', 1, 0, 'button', null, 'btn_clicked:NRC_GREEN-ONOFF:NRC_GREEN-ONOFF', null, null, null, null, null, null, null, '2024-08-20 11:00:00', '2024-08-20 11:00:00', 'dynamic'),
(_binary 0x394722B5C8C7417CABE8BE39E8642D33, _binary 0xDCE21E03786D47F6B9F73E1751BD67CC, null, 'generic', 'key_blue', 'Key blue', 1, 0, 'button', null, 'btn_clicked:NRC_BLUE-ONOFF:NRC_BLUE-ONOFF', null, null, null, null, null, null, null, '2024-08-20 11:00:00', '2024-08-20 11:00:00', 'dynamic'),
(_binary 0x5FDAACB6534D4108AA629129AED09926, _binary 0xDCE21E03786D47F6B9F73E1751BD67CC, null, 'generic', 'key_yellow', 'Key yellow', 1, 0, 'button', null, 'btn_clicked:NRC_YELLOW-ONOFF:NRC_YELLOW-ONOFF', null, null, null, null, null, null, null, '2024-08-20 11:00:00', '2024-08-20 11:00:00', 'dynamic'),
(_binary 0xD6DF8598C2C040EC8A14B08823E74B9C, _binary 0xA732C52CF0A945DEB1CE2506FD60C2CF, null, 'generic', 'state', 'State', 1, 1, 'bool', null, null, null, null, null, null, null, null, null, '2024-08-20 11:00:00', '2024-08-20 11:00:00', 'dynamic'),
(_binary 0xA819734A8B2743B98ED37E62285E2B5D, _binary 0xA732C52CF0A945DEB1CE2506FD60C2CF, null, 'generic', 'remote', 'Remote', 1, 0, 'string', null, null, null, null, null, null, null, null, null, '2024-08-20 11:00:00', '2024-08-20 11:00:00', 'dynamic'),
(_binary 0x98EE724B093F42899207F555A1ED1D86, _binary 0xA732C52CF0A945DEB1CE2506FD60C2CF, null, 'generic', 'volume', 'Volume', 1, 1, 'uchar', null, '0:100', null, null, null, null, null, null, null, '2024-08-20 11:00:00', '2024-08-20 11:00:00', 'dynamic'),
(_binary 0x8E02BB3808D7459596358D1486450EC5, _binary 0xA732C52CF0A945DEB1CE2506FD60C2CF, null, 'generic', 'mute', 'Mute', 1, 1, 'bool', null, null, null, null, null, null, null, null, null, '2024-08-20 11:00:00', '2024-08-20 11:00:00', 'dynamic'),
(_binary 0x30CFC7EE39F146A3B924467CA1D4C24E, _binary 0xA732C52CF0A945DEB1CE2506FD60C2CF, null, 'generic', 'hdmi', 'Hdmi', 1, 0, 'enum', null, 'hdmi1:1:1,hdmi2:2:2,hdmi3:3:3', null, null, null, null, null, null, null, '2024-08-20 11:00:00', '2024-08-20 11:00:00', 'dynamic'),
(_binary 0xB6453A4A34AF40649B8269C83A9CB175, _binary 0xA732C52CF0A945DEB1CE2506FD60C2CF, null, 'generic', 'application', 'Application', 1, 0, 'enum', null, 'apps_market:0387878700000102:0387878700000102,netflix:0010000200000001:0010000200000001,youtube:0070000200180001:0070000200180001,plex:0076010507000001:0076010507000001,apple_tv+:0070003000000001:0070003000000001,youtube_music:0070003100000001:0070003100000001,disney+:0070002900000002:0070002900000002', null, null, null, null, null, null, null, '2024-08-20 11:00:00', '2024-08-20 11:00:00', 'dynamic'),
(_binary 0x65A4B39B1BBB41F393CA898E9F088DF3, _binary 0xA732C52CF0A945DEB1CE2506FD60C2CF, null, 'generic', 'input_source', 'Input source', 1, 0, 'enum', null, 'TV:500:500,hdmi1:1:1,hdmi2:2:2,hdmi3:3:3,apps_market:0387878700000102:0387878700000102,netflix:0010000200000001:0010000200000001,youtube:0070000200180001:0070000200180001,plex:0076010507000001:0076010507000001,apple_tv+:0070003000000001:0070003000000001,youtube_music:0070003100000001:0070003100000001,disney+:0070002900000002:0070002900000002', null, null, null, null, null, null, null, '2024-08-20 11:00:00', '2024-08-20 11:00:00', 'dynamic'),
(_binary 0x81790E89EDF94743B8734C1C90D0491E, _binary 0xA732C52CF0A945DEB1CE2506FD60C2CF, null, 'generic', 'key_0', 'Key 0', 1, 0, 'button', null, 'btn_clicked:NRC_D0-ONOFF:NRC_D0-ONOFF', null, null, null, null, null, null, null, '2024-08-20 11:00:00', '2024-08-20 11:00:00', 'dynamic'),
(_binary 0x6F0D8E52E64241F6BE84E3AA1E2D4AE4, _binary 0xA732C52CF0A945DEB1CE2506FD60C2CF, null, 'generic', 'key_1', 'Key 1', 1, 0, 'button', null, 'btn_clicked:NRC_D1-ONOFF:NRC_D1-ONOFF', null, null, null, null, null, null, null, '2024-08-20 11:00:00', '2024-08-20 11:00:00', 'dynamic'),
(_binary 0x27C29AC493964018BB7A8D5F24B23110, _binary 0xA732C52CF0A945DEB1CE2506FD60C2CF, null, 'generic', 'key_2', 'Key 2', 1, 0, 'button', null, 'btn_clicked:NRC_D2-ONOFF:NRC_D2-ONOFF', null, null, null, null, null, null, null, '2024-08-20 11:00:00', '2024-08-20 11:00:00', 'dynamic'),
(_binary 0xBA689355B65D4918B96858BAEE64EECF, _binary 0xA732C52CF0A945DEB1CE2506FD60C2CF, null, 'generic', 'key_3', 'Key 3', 1, 0, 'button', null, 'btn_clicked:NRC_D3-ONOFF:NRC_D3-ONOFF', null, null, null, null, null, null, null, '2024-08-20 11:00:00', '2024-08-20 11:00:00', 'dynamic'),
(_binary 0xC50086FA48C74F9E806B77E1BD03073C, _binary 0xA732C52CF0A945DEB1CE2506FD60C2CF, null, 'generic', 'key_4', 'Key 4', 1, 0, 'button', null, 'btn_clicked:NRC_D4-ONOFF:NRC_D4-ONOFF', null, null, null, null, null, null, null, '2024-08-20 11:00:00', '2024-08-20 11:00:00', 'dynamic'),
(_binary 0x705231A90DF14ED68E34B723A1F4F097, _binary 0xA732C52CF0A945DEB1CE2506FD60C2CF, null, 'generic', 'key_5', 'Key 5', 1, 0, 'button', null, 'btn_clicked:NRC_D5-ONOFF:NRC_D5-ONOFF', null, null, null, null, null, null, null, '2024-08-20 11:00:00', '2024-08-20 11:00:00', 'dynamic'),
(_binary 0xC23970B39E8D4E32877D8FFBC629D24E, _binary 0xA732C52CF0A945DEB1CE2506FD60C2CF, null, 'generic', 'key_6', 'Key 6', 1, 0, 'button', null, 'btn_clicked:NRC_D6-ONOFF:NRC_D6-ONOFF', null, null, null, null, null, null, null, '2024-08-20 11:00:00', '2024-08-20 11:00:00', 'dynamic'),
(_binary 0x3A117F44E1DE457298310DDB8A8C3151, _binary 0xA732C52CF0A945DEB1CE2506FD60C2CF, null, 'generic', 'key_7', 'Key 7', 1, 0, 'button', null, 'btn_clicked:NRC_D7-ONOFF:NRC_D7-ONOFF', null, null, null, null, null, null, null, '2024-08-20 11:00:00', '2024-08-20 11:00:00', 'dynamic'),
(_binary 0x6CE17B3147E942A3894ACC518A1D7897, _binary 0xA732C52CF0A945DEB1CE2506FD60C2CF, null, 'generic', 'key_8', 'Key 8', 1, 0, 'button', null, 'btn_clicked:NRC_D8-ONOFF:NRC_D8-ONOFF', null, null, null, null, null, null, null, '2024-08-20 11:00:00', '2024-08-20 11:00:00', 'dynamic'),
(_binary 0x9687200942C94B08BE49DE9ACFCBFD6A, _binary 0xA732C52CF0A945DEB1CE2506FD60C2CF, null, 'generic', 'key_9', 'Key 9', 1, 0, 'button', null, 'btn_clicked:NRC_D9-ONOFF:NRC_D9-ONOFF', null, null, null, null, null, null, null, '2024-08-20 11:00:00', '2024-08-20 11:00:00', 'dynamic'),
(_binary 0xE9EC342626004DF5B6C578837C13591A, _binary 0xA732C52CF0A945DEB1CE2506FD60C2CF, null, 'generic', 'key_channel_up', 'Key channel up', 1, 0, 'button', null, 'btn_clicked:NRC_CH_UP-ONOFF:NRC_CH_UP-ONOFF', null, null, null, null, null, null, null, '2024-08-20 11:00:00', '2024-08-20 11:00:00', 'dynamic'),
(_binary 0x655E4A48E64B46FD9CF48CEA24C0EF89, _binary 0xA732C52CF0A945DEB1CE2506FD60C2CF, null, 'generic', 'key_channel_down', 'Key channel down', 1, 0, 'button', null, 'btn_clicked:NRC_CH_DOWN-ONOFF:NRC_CH_DOWN-ONOFF', null, null, null, null, null, null, null, '2024-08-20 11:00:00', '2024-08-20 11:00:00', 'dynamic'),
(_binary 0xA4C50A8539644A319B5590F4D2F8E221, _binary 0xA732C52CF0A945DEB1CE2506FD60C2CF, null, 'generic', 'key_volume_up', 'Key volume up', 1, 0, 'button', null, 'btn_clicked:NRC_VOLUP-ONOFF:NRC_VOLUP-ONOFF', null, null, null, null, null, null, null, '2024-08-20 11:00:00', '2024-08-20 11:00:00', 'dynamic'),
(_binary 0xDA662A7DCADE478C815FFF3DF696C5B2, _binary 0xA732C52CF0A945DEB1CE2506FD60C2CF, null, 'generic', 'key_volume_down', 'Key volume down', 1, 0, 'button', null, 'btn_clicked:NRC_VOLDOWN-ONOFF:NRC_VOLDOWN-ONOFF', null, null, null, null, null, null, null, '2024-08-20 11:00:00', '2024-08-20 11:00:00', 'dynamic'),
(_binary 0x2499C9C03D884ABE82B25A3766266FFD, _binary 0xA732C52CF0A945DEB1CE2506FD60C2CF, null, 'generic', 'key_arrow_up', 'Key arrow up', 1, 0, 'button', null, 'btn_clicked:NRC_UP-ONOFF:NRC_UP-ONOFF', null, null, null, null, null, null, null, '2024-08-20 11:00:00', '2024-08-20 11:00:00', 'dynamic'),
(_binary 0x492B780D82F14AA3BA7EA8797FD641C5, _binary 0xA732C52CF0A945DEB1CE2506FD60C2CF, null, 'generic', 'key_arrow_right', 'Key arrow right', 1, 0, 'button', null, 'btn_clicked:NRC_RIGHT-ONOFF:NRC_RIGHT-ONOFF', null, null, null, null, null, null, null, '2024-08-20 11:00:00', '2024-08-20 11:00:00', 'dynamic'),
(_binary 0x851B96613E1A462A8E84C6859866A2D2, _binary 0xA732C52CF0A945DEB1CE2506FD60C2CF, null, 'generic', 'key_arrow_down', 'Key arrow down', 1, 0, 'button', null, 'btn_clicked:NRC_DOWN-ONOFF:NRC_DOWN-ONOFF', null, null, null, null, null, null, null, '2024-08-20 11:00:00', '2024-08-20 11:00:00', 'dynamic'),
(_binary 0xC350399968184E34A797537096447692, _binary 0xA732C52CF0A945DEB1CE2506FD60C2CF, null, 'generic', 'key_arrow_left', 'Key arrow left', 1, 0, 'button', null, 'btn_clicked:NRC_LEFT-ONOFF:NRC_LEFT-ONOFF', null, null, null, null, null, null, null, '2024-08-20 11:00:00', '2024-08-20 11:00:00', 'dynamic'),
(_binary 0xE57D404395224CB481E601E4EF69D2E6, _binary 0xA732C52CF0A945DEB1CE2506FD60C2CF, null, 'generic', 'key_tv', 'Key tv', 1, 0, 'button', null, 'btn_clicked:NRC_TV-ONOFF:NRC_TV-ONOFF', null, null, null, null, null, null, null, '2024-01-14 16:55:40', '2024-01-14 16:55:40', 'dynamic'),
(_binary 0x96A2AD1ED5A5464FA2AA4450EDBC17AC, _binary 0xA732C52CF0A945DEB1CE2506FD60C2CF, null, 'generic', 'key_home', 'Key home', 1, 0, 'button', null, 'btn_clicked:NRC_HOME-ONOFF:NRC_HOME-ONOFF', null, null, null, null, null, null, null, '2024-01-14 16:55:40', '2024-01-14 16:55:40', 'dynamic'),
(_binary 0xF682D475707447D8B93F09866AF25C8C, _binary 0xA732C52CF0A945DEB1CE2506FD60C2CF, null, 'generic', 'key_ok', 'Key ok', 1, 0, 'button', null, 'btn_clicked:NRC_ENTER-ONOFF:NRC_ENTER-ONOFF', null, null, null, null, null, null, null, '2024-08-20 11:00:00', '2024-08-20 11:00:00', 'dynamic'),
(_binary 0x8E079AEFE3874750941270DB6E4EB193, _binary 0xA732C52CF0A945DEB1CE2506FD60C2CF, null, 'generic', 'key_back', 'Key back', 1, 0, 'button', null, 'btn_clicked:NRC_RETURN-ONOFF:NRC_RETURN-ONOFF', null, null, null, null, null, null, null, '2024-08-20 11:00:00', '2024-08-20 11:00:00', 'dynamic'),
(_binary 0x80B6224575794DE4A86A1C64DC509C7B, _binary 0xA732C52CF0A945DEB1CE2506FD60C2CF, null, 'generic', 'key_red', 'Key red', 1, 0, 'button', null, 'btn_clicked:NRC_RED-ONOFF:NRC_RED-ONOFF', null, null, null, null, null, null, null, '2024-08-20 11:00:00', '2024-08-20 11:00:00', 'dynamic'),
(_binary 0x74F3454D66CF4488A48AE92625CD7EF8, _binary 0xA732C52CF0A945DEB1CE2506FD60C2CF, null, 'generic', 'key_green', 'Key green', 1, 0, 'button', null, 'btn_clicked:NRC_GREEN-ONOFF:NRC_GREEN-ONOFF', null, null, null, null, null, null, null, '2024-08-20 11:00:00', '2024-08-20 11:00:00', 'dynamic'),
(_binary 0xA03E19AC597F474898C105BFAD3FF7AE, _binary 0xA732C52CF0A945DEB1CE2506FD60C2CF, null, 'generic', 'key_blue', 'Key blue', 1, 0, 'button', null, 'btn_clicked:NRC_BLUE-ONOFF:NRC_BLUE-ONOFF', null, null, null, null, null, null, null, '2024-08-20 11:00:00', '2024-08-20 11:00:00', 'dynamic'),
(_binary 0x9E466AFCAA5B419785327E29E6FA53C6, _binary 0xA732C52CF0A945DEB1CE2506FD60C2CF, null, 'generic', 'key_yellow', 'Key yellow', 1, 0, 'button', null, 'btn_clicked:NRC_YELLOW-ONOFF:NRC_YELLOW-ONOFF', null, null, null, null, null, null, null, '2024-08-20 11:00:00', '2024-08-20 11:00:00', 'dynamic'),
(_binary 0x19F4D4CB6A1C43258918C54584D7176D, _binary 0x26C20FA0D99A40A48DF08C8511AFAF8D, null, 'generic', 'configured_name', null, 0, 0, 'string', null, null, null, null, null, 'Living Room TV', null, null, null, '2024-08-20 11:00:00', '2024-08-20 11:00:00', 'variable'),
(_binary 0x52AFE0BEA99847F2B9ADE6791571242B, _binary 0x26C20FA0D99A40A48DF08C8511AFAF8D, _binary 0xA819734A8B2743B98ED37E62285E2B5D, 'generic', 'remote_key', null, 1, 0, 'string', null, null, null, null, null, null, null, null, null, '2024-08-20 11:00:00', '2024-08-20 11:00:00', 'mapped'),
(_binary 0x7323BE43CDE4416381DFC175F87AF8D8, _binary 0x26C20FA0D99A40A48DF08C8511AFAF8D, _binary 0xD6DF8598C2C040EC8A14B08823E74B9C, 'generic', 'active', null, 1, 1, 'bool', null, null, null, null, null, null, null, null, null, '2024-08-20 11:00:00', '2024-08-20 11:00:00', 'mapped'),
(_binary 0xA7EEBCCB3BE7415DA1224D6D5D4BE800, _binary 0x26C20FA0D99A40A48DF08C8511AFAF8D, null, 'generic', 'sleep_discovery_mode', null, 0, 0, 'enum', null, '0,1', null, null, null, '1', '0', null, null, '2024-08-20 11:00:00', '2024-08-20 11:00:00', 'variable'),
(_binary 0xAB83E38DCFDA42EEA137D2D26872745E, _binary 0x26C20FA0D99A40A48DF08C8511AFAF8D, null, 'generic', 'active_identifier', null, 1, 0, 'uint', null, null, null, null, null, null, null, null, null, '2024-08-20 11:00:00', '2024-08-20 11:00:00', 'dynamic'),
(_binary 0x1909019C39F5446C912FE9024B5FC5A2, _binary 0x3BD7618442A946B0A1D5F2DC7ADDE564, null, 'generic', 'name', null, 0, 0, 'string', null, null, null, null, null, 'Living Room TV speaker', null, null, null, '2024-08-20 11:00:00', '2024-08-20 11:00:00', 'variable'),
(_binary 0x248412B692094570BFB61287F20E6792, _binary 0x3BD7618442A946B0A1D5F2DC7ADDE564, _binary 0x98EE724B093F42899207F555A1ED1D86, 'generic', 'volume', null, 1, 1, 'uchar', null, '0:100', null, null, null, null, null, null, null, '2024-08-20 11:00:00', '2024-08-20 11:00:00', 'mapped'),
(_binary 0x4CFB75C1B4504EF7BC546BD3CC4BB65B, _binary 0x3BD7618442A946B0A1D5F2DC7ADDE564, _binary 0x8E02BB3808D7459596358D1486450EC5, 'generic', 'mute', null, 1, 1, 'bool', null, null, null, null, null, null, null, null, null, '2024-08-20 11:00:00', '2024-08-20 11:00:00', 'mapped'),
(_binary 0x9FF6D8EE763742E98071049BB36248AF, _binary 0x3BD7618442A946B0A1D5F2DC7ADDE564, _binary 0xA819734A8B2743B98ED37E62285E2B5D, 'generic', 'volume_selector', null, 1, 0, 'string', null, null, null, null, null, null, null, null, null, '2024-08-20 11:00:00', '2024-08-20 11:00:00', 'mapped'),
(_binary 0xF61CA817CD244419BA2C711C9239831B, _binary 0x3BD7618442A946B0A1D5F2DC7ADDE564, _binary 0xD6DF8598C2C040EC8A14B08823E74B9C, 'generic', 'active', null, 1, 1, 'bool', null, null, null, null, null, null, null, null, null, '2024-08-20 11:00:00', '2024-08-20 11:00:00', 'mapped'),
(_binary 0xFB2A17E5DE41440FA665CA8022BBF3A0, _binary 0x3BD7618442A946B0A1D5F2DC7ADDE564, null, 'generic', 'volume_control_type', null, 0, 0, 'enum', null, '0,1,2,3', null, null, null, '3', '0', null, null, '2024-08-20 11:00:00', '2024-08-20 11:00:00', 'variable'),
(_binary 0x307F0E8E1C8244C4B2D0949CF31D10F3, _binary 0x3A703D4B6611431394CEDFB216526D15, null, 'generic', 'input_source_type', null, 0, 0, 'enum', null, '0,1,2,3,4,5,6,7,8,9,10', null, null, null, '2', '0', null, null, '2024-08-20 11:00:00', '2024-08-20 11:00:00', 'variable'),
(_binary 0x81F986C88B784190BBE867F7C6C6B39D, _binary 0x3A703D4B6611431394CEDFB216526D15, null, 'generic', 'target_visibility_state', null, 1, 0, 'enum', null, '0,1', null, null, null, null, '0', null, null, '2024-08-20 11:00:00', '2024-08-20 11:00:00', 'dynamic'),
(_binary 0x8BDE666823724285BF67F0DDF713441D, _binary 0x3A703D4B6611431394CEDFB216526D15, null, 'generic', 'identifier', null, 0, 0, 'uint', null, '0:', null, null, null, '500', '0', null, null, '2024-08-20 11:00:00', '2024-08-20 11:00:00', 'variable'),
(_binary 0x99B2FB1EFDAA43DD883BD123AD269119, _binary 0x3A703D4B6611431394CEDFB216526D15, null, 'generic', 'name', null, 0, 0, 'string', null, null, null, null, null, 'TV', null, null, null, '2024-08-20 11:00:00', '2024-08-20 11:00:00', 'variable'),
(_binary 0x9C99FBED256A45ABA07F56CE573F6160, _binary 0x3A703D4B6611431394CEDFB216526D15, null, 'generic', 'configured_name', null, 0, 0, 'string', null, null, null, null, null, 'TV', null, null, null, '2024-08-20 11:00:00', '2024-08-20 11:00:00', 'variable'),
(_binary 0xA977B5CA21A2475B8730E0C8FA702662, _binary 0x3A703D4B6611431394CEDFB216526D15, _binary 0x65A4B39B1BBB41F393CA898E9F088DF3, 'generic', 'current_visibility_state', null, 1, 0, 'enum', null, '0,1,2,3', null, null, null, null, null, null, null, '2024-08-20 11:00:00', '2024-08-20 11:00:00', 'mapped'),
(_binary 0xE7BAE00216E8440F8340AC38658D033B, _binary 0x3A703D4B6611431394CEDFB216526D15, null, 'generic', 'is_configured', null, 0, 0, 'enum', null, '1,0', null, null, null, '1', '0', null, null, '2024-08-20 11:00:00', '2024-08-20 11:00:00', 'variable'),
(_binary 0x0BCA415DBE2344B286EDEBFBD9F741F3, _binary 0x3FB7C3DEE5824C838C68B238B61FACDE, null, 'generic', 'configured_name', null, 0, 0, 'string', null, null, null, null, null, 'Hdmi1', null, null, null, '2024-08-20 11:00:00', '2024-08-20 11:00:00', 'variable'),
(_binary 0x247D491FB8F24DF3A78CDB8242BA9330, _binary 0x3FB7C3DEE5824C838C68B238B61FACDE, _binary 0x65A4B39B1BBB41F393CA898E9F088DF3, 'generic', 'current_visibility_state', null, 1, 0, 'enum', null, '0,1,2,3', null, null, null, null, null, null, null, '2024-08-20 11:00:00', '2024-08-20 11:00:00', 'mapped'),
(_binary 0x938D625C4D6040D7A11C93826A5509E2, _binary 0x3FB7C3DEE5824C838C68B238B61FACDE, null, 'generic', 'identifier', null, 0, 0, 'uint', null, '0:', null, null, null, '1', '0', null, null, '2024-08-20 11:00:00', '2024-08-20 11:00:00', 'variable'),
(_binary 0xAB7ACD48DCA44238853294FA1B13BAC1, _binary 0x3FB7C3DEE5824C838C68B238B61FACDE, null, 'generic', 'name', null, 0, 0, 'string', null, null, null, null, null, 'Hdmi1', null, null, null, '2024-08-20 11:00:00', '2024-08-20 11:00:00', 'variable'),
(_binary 0xBAEE8465D192492A82AE7FBC3CFC1EAF, _binary 0x3FB7C3DEE5824C838C68B238B61FACDE, null, 'generic', 'is_configured', null, 0, 0, 'enum', null, '1,0', null, null, null, '1', '0', null, null, '2024-08-20 11:00:00', '2024-08-20 11:00:00', 'variable'),
(_binary 0xCC89F9E215C9454E9F20512D7C0734D3, _binary 0x3FB7C3DEE5824C838C68B238B61FACDE, null, 'generic', 'input_source_type', null, 0, 0, 'enum', null, '0,1,2,3,4,5,6,7,8,9,10', null, null, null, '3', '0', null, null, '2024-08-20 11:00:00', '2024-08-20 11:00:00', 'variable'),
(_binary 0xDE980A82D0764C50B811BE590F9A93DB, _binary 0x3FB7C3DEE5824C838C68B238B61FACDE, null, 'generic', 'target_visibility_state', null, 1, 0, 'enum', null, '0,1', null, null, null, null, '0', null, null, '2024-08-20 11:00:00', '2024-08-20 11:00:00', 'dynamic'),
(_binary 0x523A617F3B3A4435AF2A3DD9E1F955CA, _binary 0x9D8FD4DBE246436795FA58D7B85CF106, null, 'generic', 'target_visibility_state', null, 1, 0, 'enum', null, '0,1', null, null, null, null, '0', null, null, '2024-08-20 11:00:00', '2024-08-20 11:00:00', 'dynamic'),
(_binary 0x7A1B4B485E5546009D246FDEAD227FEC, _binary 0x9D8FD4DBE246436795FA58D7B85CF106, null, 'generic', 'is_configured', null, 0, 0, 'enum', null, '1,0', null, null, null, '1', '0', null, null, '2024-08-20 11:00:00', '2024-08-20 11:00:00', 'variable'),
(_binary 0x8FC6BBDDFE9D440789DD519485B9393D, _binary 0x9D8FD4DBE246436795FA58D7B85CF106, _binary 0x65A4B39B1BBB41F393CA898E9F088DF3, 'generic', 'current_visibility_state', null, 1, 0, 'enum', null, '0,1,2,3', null, null, null, null, null, null, null, '2024-08-20 11:00:00', '2024-08-20 11:00:00', 'mapped'),
(_binary 0xAEF2FDD795F742B2A03A8C758DD7E565, _binary 0x9D8FD4DBE246436795FA58D7B85CF106, null, 'generic', 'input_source_type', null, 0, 0, 'enum', null, '0,1,2,3,4,5,6,7,8,9,10', null, null, null, '3', '0', null, null, '2024-08-20 11:00:00', '2024-08-20 11:00:00', 'variable'),
(_binary 0xEB8E91767E064B89BBD8F267BEBB9A53, _binary 0x9D8FD4DBE246436795FA58D7B85CF106, null, 'generic', 'configured_name', null, 0, 0, 'string', null, null, null, null, null, 'Hdmi2', null, null, null, '2024-08-20 11:00:00', '2024-08-20 11:00:00', 'variable'),
(_binary 0xEF797DFB792F409788517970481E5141, _binary 0x9D8FD4DBE246436795FA58D7B85CF106, null, 'generic', 'identifier', null, 0, 0, 'uint', null, '0:', null, null, null, '2', '0', null, null, '2024-08-20 11:00:00', '2024-08-20 11:00:00', 'variable'),
(_binary 0xF1BD2DB70EA14ED1BE626DD6CEC9338B, _binary 0x9D8FD4DBE246436795FA58D7B85CF106, null, 'generic', 'name', null, 0, 0, 'string', null, null, null, null, null, 'Hdmi2', null, null, null, '2024-08-20 11:00:00', '2024-08-20 11:00:00', 'variable'),
(_binary 0x03ECCB61DA434333B64957342358DBE3, _binary 0xA7094776DB014090939316A693FC4DD0, null, 'generic', 'is_configured', null, 0, 0, 'enum', null, '1,0', null, null, null, '1', '0', null, null, '2024-08-20 11:00:00', '2024-08-20 11:00:00', 'variable'),
(_binary 0x107144A4F3354311B030B50BCE731463, _binary 0xA7094776DB014090939316A693FC4DD0, _binary 0x65A4B39B1BBB41F393CA898E9F088DF3, 'generic', 'current_visibility_state', null, 1, 0, 'enum', null, '0,1,2,3', null, null, null, null, null, null, null, '2024-08-20 11:00:00', '2024-08-20 11:00:00', 'mapped'),
(_binary 0x5362812110734E239DA28681AC6054D1, _binary 0xA7094776DB014090939316A693FC4DD0, null, 'generic', 'name', null, 0, 0, 'string', null, null, null, null, null, 'Hdmi3', null, null, null, '2024-08-20 11:00:00', '2024-08-20 11:00:00', 'variable'),
(_binary 0x908E038704084DC58C3B5EBD62D5C36B, _binary 0xA7094776DB014090939316A693FC4DD0, null, 'generic', 'configured_name', null, 0, 0, 'string', null, null, null, null, null, 'Hdmi3', null, null, null, '2024-08-20 11:00:00', '2024-08-20 11:00:00', 'variable'),
(_binary 0xABB215EF9EA64CBFB2612FCB7390B3FB, _binary 0xA7094776DB014090939316A693FC4DD0, null, 'generic', 'target_visibility_state', null, 1, 0, 'enum', null, '0,1', null, null, null, null, '0', null, null, '2024-08-20 11:00:00', '2024-08-20 11:00:00', 'dynamic'),
(_binary 0xB37B30267D3748D3996D59402E4B73D6, _binary 0xA7094776DB014090939316A693FC4DD0, null, 'generic', 'identifier', null, 0, 0, 'uint', null, '0:', null, null, null, '3', '0', null, null, '2024-08-20 11:00:00', '2024-08-20 11:00:00', 'variable'),
(_binary 0xCC36BE5338F14AC0B543873651607821, _binary 0xA7094776DB014090939316A693FC4DD0, null, 'generic', 'input_source_type', null, 0, 0, 'enum', null, '0,1,2,3,4,5,6,7,8,9,10', null, null, null, '3', '0', null, null, '2024-08-20 11:00:00', '2024-08-20 11:00:00', 'variable'),
(_binary 0x269E1F15835942A1BE1C334BEB855EA4, _binary 0x56C4AB06F1F040B985B6F52810D53B6D, null, 'generic', 'input_source_type', null, 0, 0, 'enum', null, '0,1,2,3,4,5,6,7,8,9,10', null, null, null, '10', '0', null, null, '2024-08-20 11:00:00', '2024-08-20 11:00:00', 'variable'),
(_binary 0x3489B9D48869475285D3060F35AC13EF, _binary 0x56C4AB06F1F040B985B6F52810D53B6D, null, 'generic', 'identifier', null, 0, 0, 'uint', null, '0:', null, null, null, '387878700000102', '0', null, null, '2024-08-20 11:00:00', '2024-08-20 11:00:00', 'variable'),
(_binary 0x578216FECD934D3C9281E74EF403361C, _binary 0x56C4AB06F1F040B985B6F52810D53B6D, null, 'generic', 'is_configured', null, 0, 0, 'enum', null, '1,0', null, null, null, '1', '0', null, null, '2024-08-20 11:00:00', '2024-08-20 11:00:00', 'variable'),
(_binary 0x79650F4F047244A488ABE0D25FA1040F, _binary 0x56C4AB06F1F040B985B6F52810D53B6D, null, 'generic', 'name', null, 0, 0, 'string', null, null, null, null, null, 'Apps market', null, null, null, '2024-08-20 11:00:00', '2024-08-20 11:00:00', 'variable'),
(_binary 0x7D9BA7132B294AB08BD9392F8D1F1406, _binary 0x56C4AB06F1F040B985B6F52810D53B6D, null, 'generic', 'target_visibility_state', null, 1, 0, 'enum', null, '0,1', null, null, null, null, '0', null, null, '2024-08-20 11:00:00', '2024-08-20 11:00:00', 'dynamic'),
(_binary 0x8F14D80C379A44FA88B487F2E4C6BF52, _binary 0x56C4AB06F1F040B985B6F52810D53B6D, null, 'generic', 'configured_name', null, 0, 0, 'string', null, null, null, null, null, 'Apps market', null, null, null, '2024-08-20 11:00:00', '2024-08-20 11:00:00', 'variable'),
(_binary 0xB443A4EE5BF7414990C0C89C552A7207, _binary 0x56C4AB06F1F040B985B6F52810D53B6D, _binary 0x65A4B39B1BBB41F393CA898E9F088DF3, 'generic', 'current_visibility_state', null, 1, 0, 'enum', null, '0,1,2,3', null, null, null, null, null, null, null, '2024-08-20 11:00:00', '2024-08-20 11:00:00', 'mapped'),
(_binary 0x45F690CBDE46467FB97F5A7A7DDE10C2, _binary 0xFE7EBBEB7198404FB330247F6CEAE414, null, 'generic', 'target_visibility_state', null, 1, 0, 'enum', null, '0,1', null, null, null, null, '0', null, null, '2024-08-20 11:00:00', '2024-08-20 11:00:00', 'dynamic'),
(_binary 0xA4EA45B54BCB4E55821CC0ABDF01A30B, _binary 0xFE7EBBEB7198404FB330247F6CEAE414, null, 'generic', 'name', null, 0, 0, 'string', null, null, null, null, null, 'Netflix', null, null, null, '2024-08-20 11:00:00', '2024-08-20 11:00:00', 'variable'),
(_binary 0xBB74137648D84A05941BFDA0BEDC6F54, _binary 0xFE7EBBEB7198404FB330247F6CEAE414, null, 'generic', 'input_source_type', null, 0, 0, 'enum', null, '0,1,2,3,4,5,6,7,8,9,10', null, null, null, '10', '0', null, null, '2024-08-20 11:00:00', '2024-08-20 11:00:00', 'variable'),
(_binary 0xC24E85D6207E49B889F2C2BE05D81B85, _binary 0xFE7EBBEB7198404FB330247F6CEAE414, null, 'generic', 'is_configured', null, 0, 0, 'enum', null, '1,0', null, null, null, '1', '0', null, null, '2024-08-20 11:00:00', '2024-08-20 11:00:00', 'variable'),
(_binary 0xC73CEED6E65C4FE9A8A0856BE4B3DC40, _binary 0xFE7EBBEB7198404FB330247F6CEAE414, null, 'generic', 'configured_name', null, 0, 0, 'string', null, null, null, null, null, 'Netflix', null, null, null, '2024-08-20 11:00:00', '2024-08-20 11:00:00', 'variable'),
(_binary 0xEBAEC7FA3A754944B0D0D439FB281352, _binary 0xFE7EBBEB7198404FB330247F6CEAE414, _binary 0x65A4B39B1BBB41F393CA898E9F088DF3, 'generic', 'current_visibility_state', null, 1, 0, 'enum', null, '0,1,2,3', null, null, null, null, null, null, null, '2024-08-20 11:00:00', '2024-08-20 11:00:00', 'mapped'),
(_binary 0xF340045E0D414353AC64DBD14484BF79, _binary 0xFE7EBBEB7198404FB330247F6CEAE414, null, 'generic', 'identifier', null, 0, 0, 'uint', null, '0:', null, null, null, '10000200000001', '0', null, null, '2024-08-20 11:00:00', '2024-08-20 11:00:00', 'variable'),
(_binary 0x0F555243226A4A13A001076F8985095E, _binary 0xABE474CAA748453F9D0C588C13C552C8, null, 'generic', 'configured_name', null, 0, 0, 'string', null, null, null, null, null, 'Youtube', null, null, null, '2024-08-20 11:00:00', '2024-08-20 11:00:00', 'variable'),
(_binary 0x4F715B79C4CF4446919A25E8CB947F6D, _binary 0xABE474CAA748453F9D0C588C13C552C8, null, 'generic', 'is_configured', null, 0, 0, 'enum', null, '1,0', null, null, null, '1', '0', null, null, '2024-08-20 11:00:00', '2024-08-20 11:00:00', 'variable'),
(_binary 0x901FD0593F4841DB80C58E3B70AB2DE4, _binary 0xABE474CAA748453F9D0C588C13C552C8, null, 'generic', 'input_source_type', null, 0, 0, 'enum', null, '0,1,2,3,4,5,6,7,8,9,10', null, null, null, '10', '0', null, null, '2024-08-20 11:00:00', '2024-08-20 11:00:00', 'variable'),
(_binary 0x98BBC725BB2D4619A016462818F3213C, _binary 0xABE474CAA748453F9D0C588C13C552C8, _binary 0x65A4B39B1BBB41F393CA898E9F088DF3, 'generic', 'current_visibility_state', null, 1, 0, 'enum', null, '0,1,2,3', null, null, null, null, null, null, null, '2024-08-20 11:00:00', '2024-08-20 11:00:00', 'mapped'),
(_binary 0xA517B931CB514114A7A2D0A472AC1481, _binary 0xABE474CAA748453F9D0C588C13C552C8, null, 'generic', 'name', null, 0, 0, 'string', null, null, null, null, null, 'Youtube', null, null, null, '2024-08-20 11:00:00', '2024-08-20 11:00:00', 'variable'),
(_binary 0xEE4D77C3A0B048A9A5702939F9ED9558, _binary 0xABE474CAA748453F9D0C588C13C552C8, null, 'generic', 'identifier', null, 0, 0, 'uint', null, '0:', null, null, null, '70000200180001', '0', null, null, '2024-08-20 11:00:00', '2024-08-20 11:00:00', 'variable'),
(_binary 0xF070B6E91EF540EA9247D76B384E1E35, _binary 0xABE474CAA748453F9D0C588C13C552C8, null, 'generic', 'target_visibility_state', null, 1, 0, 'enum', null, '0,1', null, null, null, null, '0', null, null, '2024-08-20 11:00:00', '2024-08-20 11:00:00', 'dynamic'),
(_binary 0x13C62D69E3B9497493B2A794E7D24A61, _binary 0x806279BB3EBB475887F57F5F801DC7A1, null, 'generic', 'is_configured', null, 0, 0, 'enum', null, '1,0', null, null, null, '1', '0', null, null, '2024-08-20 11:00:00', '2024-08-20 11:00:00', 'variable'),
(_binary 0x1435F675B7764A459D88A7C9DC344B79, _binary 0x806279BB3EBB475887F57F5F801DC7A1, null, 'generic', 'identifier', null, 0, 0, 'uint', null, '0:', null, null, null, '76010507000001', '0', null, null, '2024-08-20 11:00:00', '2024-08-20 11:00:00', 'variable'),
(_binary 0x31844CB0C44A4ABF9DC779F65365B625, _binary 0x806279BB3EBB475887F57F5F801DC7A1, null, 'generic', 'name', null, 0, 0, 'string', null, null, null, null, null, 'Plex', null, null, null, '2024-08-20 11:00:00', '2024-08-20 11:00:00', 'variable'),
(_binary 0x65878DC1557D4266922CE1417AA84162, _binary 0x806279BB3EBB475887F57F5F801DC7A1, null, 'generic', 'configured_name', null, 0, 0, 'string', null, null, null, null, null, 'Plex', null, null, null, '2024-08-20 11:00:00', '2024-08-20 11:00:00', 'variable'),
(_binary 0x902BB3C7CFFA4905A571B8ADCA87DB4A, _binary 0x806279BB3EBB475887F57F5F801DC7A1, null, 'generic', 'input_source_type', null, 0, 0, 'enum', null, '0,1,2,3,4,5,6,7,8,9,10', null, null, null, '10', '0', null, null, '2024-08-20 11:00:00', '2024-08-20 11:00:00', 'variable'),
(_binary 0xA4DA9AB830B64CF89B652B3901BD91F3, _binary 0x806279BB3EBB475887F57F5F801DC7A1, null, 'generic', 'target_visibility_state', null, 1, 0, 'enum', null, '0,1', null, null, null, null, '0', null, null, '2024-08-20 11:00:00', '2024-08-20 11:00:00', 'dynamic'),
(_binary 0xE55C854700844A85B6D2277287BB67A9, _binary 0x806279BB3EBB475887F57F5F801DC7A1, _binary 0x65A4B39B1BBB41F393CA898E9F088DF3, 'generic', 'current_visibility_state', null, 1, 0, 'enum', null, '0,1,2,3', null, null, null, null, null, null, null, '2024-08-20 11:00:00', '2024-08-20 11:00:00', 'mapped'),
(_binary 0x35571BB9A38B45CD8EAFBB1D83F81877, _binary 0xDC6A20855A3B4F0E9E9AF0F0700D8D46, null, 'generic', 'target_visibility_state', null, 1, 0, 'enum', null, '0,1', null, null, null, null, '0', null, null, '2024-08-20 11:00:00', '2024-08-20 11:00:00', 'dynamic'),
(_binary 0x7FC6CB9EA9B54F56AC48A647EF79DE46, _binary 0xDC6A20855A3B4F0E9E9AF0F0700D8D46, null, 'generic', 'is_configured', null, 0, 0, 'enum', null, '1,0', null, null, null, '1', '0', null, null, '2024-08-20 11:00:00', '2024-08-20 11:00:00', 'variable'),
(_binary 0x81403D23A4844770816619ED5C22319C, _binary 0xDC6A20855A3B4F0E9E9AF0F0700D8D46, null, 'generic', 'identifier', null, 0, 0, 'uint', null, '0:', null, null, null, '70003000000001', '0', null, null, '2024-08-20 11:00:00', '2024-08-20 11:00:00', 'variable'),
(_binary 0x9D517A0A3CC94AEE9D0EF170D912AD1F, _binary 0xDC6A20855A3B4F0E9E9AF0F0700D8D46, null, 'generic', 'input_source_type', null, 0, 0, 'enum', null, '0,1,2,3,4,5,6,7,8,9,10', null, null, null, '10', '0', null, null, '2024-08-20 11:00:00', '2024-08-20 11:00:00', 'variable'),
(_binary 0xD482FDB063464A63A6AF9D0577850795, _binary 0xDC6A20855A3B4F0E9E9AF0F0700D8D46, _binary 0x65A4B39B1BBB41F393CA898E9F088DF3, 'generic', 'current_visibility_state', null, 1, 0, 'enum', null, '0,1,2,3', null, null, null, null, null, null, null, '2024-08-20 11:00:00', '2024-08-20 11:00:00', 'mapped'),
(_binary 0xDA60C6A7C9A944948039C5B603F2F5E8, _binary 0xDC6A20855A3B4F0E9E9AF0F0700D8D46, null, 'generic', 'name', null, 0, 0, 'string', null, null, null, null, null, 'Apple tv+', null, null, null, '2024-08-20 11:00:00', '2024-08-20 11:00:00', 'variable'),
(_binary 0xEDB176CE96624303B5F8279079CBBB92, _binary 0xDC6A20855A3B4F0E9E9AF0F0700D8D46, null, 'generic', 'configured_name', null, 0, 0, 'string', null, null, null, null, null, 'Apple tv+', null, null, null, '2024-08-20 11:00:00', '2024-08-20 11:00:00', 'variable'),
(_binary 0x280DB0CCFFC0488E85F553D5BEC5E780, _binary 0xE203FAF7722F45AC97E33851D965F9F7, null, 'generic', 'name', null, 0, 0, 'string', null, null, null, null, null, 'Youtube music', null, null, null, '2024-08-20 11:00:00', '2024-08-20 11:00:00', 'variable'),
(_binary 0x2E91EE103A544EA799668CF5E8CA9B92, _binary 0xE203FAF7722F45AC97E33851D965F9F7, null, 'generic', 'configured_name', null, 0, 0, 'string', null, null, null, null, null, 'Youtube music', null, null, null, '2024-08-20 11:00:00', '2024-08-20 11:00:00', 'variable'),
(_binary 0x4AF079BFC09741CE934B7AA0849AEB59, _binary 0xE203FAF7722F45AC97E33851D965F9F7, null, 'generic', 'is_configured', null, 0, 0, 'enum', null, '1,0', null, null, null, '1', '0', null, null, '2024-08-20 11:00:00', '2024-08-20 11:00:00', 'variable'),
(_binary 0xAA607C3D4B524C84BC430A9A1A20937E, _binary 0xE203FAF7722F45AC97E33851D965F9F7, null, 'generic', 'input_source_type', null, 0, 0, 'enum', null, '0,1,2,3,4,5,6,7,8,9,10', null, null, null, '10', '0', null, null, '2024-08-20 11:00:00', '2024-08-20 11:00:00', 'variable'),
(_binary 0xB1A5880C34F24B26B6B756C1D5E3615B, _binary 0xE203FAF7722F45AC97E33851D965F9F7, null, 'generic', 'identifier', null, 0, 0, 'uint', null, '0:', null, null, null, '70003100000001', '0', null, null, '2024-08-20 11:00:00', '2024-08-20 11:00:00', 'variable'),
(_binary 0xC4F3B44D0FFA4834A07E0938176FC11A, _binary 0xE203FAF7722F45AC97E33851D965F9F7, _binary 0x65A4B39B1BBB41F393CA898E9F088DF3, 'generic', 'current_visibility_state', null, 1, 0, 'enum', null, '0,1,2,3', null, null, null, null, null, null, null, '2024-08-20 11:00:00', '2024-08-20 11:00:00', 'mapped'),
(_binary 0xEAE83EF9B8E8482E8D9154A76B3C76C4, _binary 0xE203FAF7722F45AC97E33851D965F9F7, null, 'generic', 'target_visibility_state', null, 1, 0, 'enum', null, '0,1', null, null, null, null, '0', null, null, '2024-08-20 11:00:00', '2024-08-20 11:00:00', 'dynamic');
